opening_id,radius,effective_depth,effective_candidate_cells,white_pair,best_black_reply,score,nodes,cache_hits,estimated_tree_nodes,naive_leaf_nodes,pruning_mode,final_class,black_tau,white_tau,black_obligations,white_obligations,black_bulk_pressure,white_bulk_pressure,principal_variation,wlu
O0040,3,9,4,"[[-3, 1], [-3, 2]]","[[0, -1], [-1, 0]]",0.0,27501,4201,12093235,5503839380301244269598641,beam,screened_or_balanced,0,0,0,0,4.8,0.2,"[{""move"": [[0, -1], [-1, 0]], ""player"": ""black"", ""score"": 0.0}, {""move"": [[1, 0], [0, 1]], ""player"": ""white"", ""score"": 0.0}, {""move"": [[-1, 1], [2, -1]], ""player"": ""black"", ""score"": 0.0}, {""move"": [[1, -1], [2, -2]], ""player"": ""white"", ""score"": 0.0}, {""move"": [[1, -2], [1, 1]], ""player"": ""black"", ""score"": 0.0}, {""move"": [[-1, -1], [-1, 2]], ""player"": ""white"", ""score"": 0.0}, {""move"": [[2, 0], [0, -2]], ""player"": ""black"", ""score"": 0.0}, {""move"": [[-2, 0], [-2, 1]], ""player"": ""white"", ""score"": 0.0}, {""move"": [[-2, 2], [0, 2]], ""player"": ""black"", ""score"": 0.0}]",U
O0041,3,9,4,"[[-3, 1], [-2, -1]]","[[1, -1], [-1, 1]]",13225.6,84154,14476,12093235,5503839380301244269598641,beam,black_bulk_edge,0,0,0,0,7.2,0.0,"[{""move"": [[1, -1], [-1, 1]], ""player"": ""black"", ""score"": 13225.6}, {""move"": [[2, -2], [-2, 2]], ""player"": ""white"", ""score"": 13225.6}, {""move"": [[0, -1], [0, 1]], ""player"": ""black"", ""score"": 13225.6}, {""move"": [[0, -2], [0, 2]], ""player"": ""white"", ""score"": 13225.6}, {""move"": [[1, 0], [-1, 0]], ""player"": ""black"", ""score"": 13225.6}, {""move"": [[2, 0], [-2, 0]], ""player"": ""white"", ""score"": 13225.6}, {""move"": [[1, -2], [-1, 2]], ""player"": ""black"", ""score"": 13225.6}, {""move"": [[2, -1], [-1, -1]], ""player"": ""white"", ""score"": 13225.6}, {""move"": [[-2, 1], [1, 1]], ""player"": ""black"", ""score"": 13225.6}]",U
O0045,3,9,4,"[[-3, 1], [-2, 3]]","[[1, -1], [-1, 1]]",6621.8,68150,10586,12093235,5503839380301244269598641,beam,black_bulk_edge,0,0,0,0,7.4,0.2,"[{""move"": [[1, -1], [-1, 1]], ""player"": ""black"", ""score"": 6621.8}, {""move"": [[2, -2], [-2, 2]], ""player"": ""white"", ""score"": 6621.8}, {""move"": [[1, 0], [-1, 0]], ""player"": ""black"", ""score"": 6621.8}, {""move"": [[2, 0], [-2, 0]], ""player"": ""white"", ""score"": 6621.8}, {""move"": [[1, -2], [-1, -1]], ""player"": ""black"", ""score"": 6621.8}, {""move"": [[-1, 2], [1, 1]], ""player"": ""white"", ""score"": 6621.8}, {""move"": [[0, -1], [2, -1]], ""player"": ""black"", ""score"": 6621.8}, {""move"": [[0, 1], [3, -1]], ""player"": ""white"", ""score"": 6621.8}, {""move"": [[0, -2], [-2, 1]], ""player"": ""black"", ""score"": 6621.8}]",U
O0050,3,9,4,"[[-3, 1], [-1, 3]]","[[1, 0], [-1, 0]]",6621.8,62817,10650,12093235,5503839380301244269598641,beam,black_bulk_edge,0,0,0,0,7.4,0.2,"[{""move"": [[1, 0], [-1, 0]], ""player"": ""black"", ""score"": 6621.8}, {""move"": [[2, 0], [-2, 0]], ""player"": ""white"", ""score"": 6621.8}, {""move"": [[0, -1], [0, 1]], ""player"": ""black"", ""score"": 6621.8}, {""move"": [[0, -2], [0, 2]], ""player"": ""white"", ""score"": 6621.8}, {""move"": [[2, -1], [1, -2]], ""player"": ""black"", ""score"": 6621.8}, {""move"": [[-2, 1], [-1, 2]], ""player"": ""white"", ""score"": 6621.8}, {""move"": [[1, -1], [-1, -1]], ""player"": ""black"", ""score"": 6621.8}, {""move"": [[-1, 1], [3, -1]], ""player"": ""white"", ""score"": 6621.8}, {""move"": [[2, -2], [1, 1]], ""player"": ""black"", ""score"": 6621.8}]",U
O0055,3,9,4,"[[-3, 1], [1, -3]]","[[1, 0], [1, -1]]",0.0,23621,3329,12093235,5503839380301244269598641,beam,screened_or_balanced,0,0,0,0,4.8,0.2,"[{""move"": [[1, 0], [1, -1]], ""player"": ""black"", ""score"": 0.0}, {""move"": [[-1, 0], [-1, 1]], ""player"": ""white"", ""score"": 0.0}, {""move"": [[0, 1], [-1, -1]], ""player"": ""black"", ""score"": 0.0}, {""move"": [[0, -1], [2, -1]], ""player"": ""white"", ""score"": 0.0}, {""move"": [[1, -2], [-2, 1]], ""player"": ""black"", ""score"": 0.0}, {""move"": [[2, 0], [2, -2]], ""player"": ""white"", ""score"": 0.0}, {""move"": [[0, -2], [-2, 0]], ""player"": ""black"", ""score"": 0.0}, {""move"": [[-2, 2], [-1, 2]], ""player"": ""white"", ""score"": 0.0}, {""move"": [[0, 2], [1, 1]], ""player"": ""black"", ""score"": 0.0}]",U
O0060,3,9,4,"[[-3, 1], [1, 2]]","[[1, 0], [1, -1]]",0.0,34681,5681,12093235,5503839380301244269598641,beam,screened_or_balanced,0,0,0,0,4.8,0.2,"[{""move"": [[1, 0], [1, -1]], ""player"": ""black"", ""score"": 0.0}, {""move"": [[-1, 0], [-1, 1]], ""player"": ""white"", ""score"": 0.0}, {""move"": [[0, 1], [-1, -1]], ""player"": ""black"", ""score"": 0.0}, {""move"": [[0, -1], [2, -1]], ""player"": ""white"", ""score"": 0.0}, {""move"": [[1, -2], [-2, 1]], ""player"": ""black"", ""score"": 0.0}, {""move"": [[2, 0], [2, -2]], ""player"": ""white"", ""score"": 0.0}, {""move"": [[0, -2], [-2, 0]], ""player"": ""black"", ""score"": 0.0}, {""move"": [[-2, 2], [-1, 2]], ""player"": ""white"", ""score"": 0.0}, {""move"": [[0, 2], [1, 1]], ""player"": ""black"", ""score"": 0.0}]",U
O0065,3,9,4,"[[-3, 1], [3, -2]]","[[1, -1], [-1, 1]]",6621.8,56203,8612,12093235,5503839380301244269598641,beam,black_bulk_edge,0,0,0,0,7.4,0.2,"[{""move"": [[1, -1], [-1, 1]], ""player"": ""black"", ""score"": 6621.8}, {""move"": [[2, -2], [-2, 2]], ""player"": ""white"", ""score"": 6621.8}, {""move"": [[1, 0], [-1, 0]], ""player"": ""black"", ""score"": 6621.8}, {""move"": [[2, 0], [-2, 0]], ""player"": ""white"", ""score"": 6621.8}, {""move"": [[1, -2], [-1, -1]], ""player"": ""black"", ""score"": 6621.8}, {""move"": [[-1, 2], [1, 1]], ""player"": ""white"", ""score"": 6621.8}, {""move"": [[0, -1], [2, -1]], ""player"": ""black"", ""score"": 6621.8}, {""move"": [[0, 1], [3, -1]], ""player"": ""white"", ""score"": 6621.8}, {""move"": [[0, -2], [-2, 1]], ""player"": ""black"", ""score"": 6621.8}]",U
O0066,3,9,4,"[[-3, 1], [3, -1]]","[[1, -1], [-1, 1]]",13225.6,63201,10663,12093235,5503839380301244269598641,beam,black_bulk_edge,0,0,0,0,7.2,0.0,"[{""move"": [[1, -1], [-1, 1]], ""player"": ""black"", ""score"": 13225.6}, {""move"": [[2, -2], [-2, 2]], ""player"": ""white"", ""score"": 13225.6}, {""move"": [[0, -1], [0, 1]], ""player"": ""black"", ""score"": 13225.6}, {""move"": [[0, -2], [0, 2]], ""player"": ""white"", ""score"": 13225.6}, {""move"": [[1, 0], [-1, 0]], ""player"": ""black"", ""score"": 13225.6}, {""move"": [[2, 0], [-2, 0]], ""player"": ""white"", ""score"": 13225.6}, {""move"": [[1, -2], [-1, 2]], ""player"": ""black"", ""score"": 13225.6}, {""move"": [[2, -1], [-1, -1]], ""player"": ""white"", ""score"": 13225.6}, {""move"": [[-2, 1], [1, 1]], ""player"": ""black"", ""score"": 13225.6}]",U
O0046,3,9,4,"[[-3, 1], [-1, -1]]","[[1, -1], [-1, 1]]",6621.8,49232,7439,12093235,5503839380301244269598641,beam,black_bulk_edge,0,0,0,0,7.0,0.0,"[{""move"": [[1, -1], [-1, 1]], ""player"": ""black"", ""score"": 6621.8}, {""move"": [[2, -2], [-2, 2]], ""player"": ""white"", ""score"": 6621.8}, {""move"": [[0, -1], [0, 1]], ""player"": ""black"", ""score"": 6621.8}, {""move"": [[0, -2], [0, 2]], ""player"": ""white"", ""score"": 6621.8}, {""move"": [[1, 0], [-1, 0]], ""player"": ""black"", ""score"": 6621.8}, {""move"": [[2, 0], [-2, 0]], ""player"": ""white"", ""score"": 6621.8}, {""move"": [[2, -1], [1, -2]], ""player"": ""black"", ""score"": 6621.8}, {""move"": [[-2, 1], [-1, 2]], ""player"": ""white"", ""score"": 6621.8}, {""move"": [[1, 1], [3, 0]], ""player"": ""black"", ""score"": 6621.8}]",U
O0049,3,9,4,"[[-3, 1], [-1, 2]]","[[1, 0], [-1, 0]]",0.0,34982,5622,12093235,5503839380301244269598641,beam,black_bulk_edge,0,0,0,0,7.2,0.2,"[{""move"": [[1, 0], [-1, 0]], ""player"": ""black"", ""score"": 0.0}, {""move"": [[2, 0], [-2, 0]], ""player"": ""white"", ""score"": 0.0}, {""move"": [[1, -1], [0, -1]], ""player"": ""black"", ""score"": 0.0}, {""move"": [[-1, 1], [0, 1]], ""player"": ""white"", ""score"": 0.0}, {""move"": [[1, -2], [-2, 1]], ""player"": ""black"", ""score"": 0.0}, {""move"": [[2, -1], [2, -3]], ""player"": ""white"", ""score"": 0.0}, {""move"": [[2, -2], [1, 1]], ""player"": ""black"", ""score"": 0.0}, {""move"": [[0, -2], [1, -3]], ""player"": ""white"", ""score"": 0.0}, {""move"": [[-1, -1], [-2, 2]], ""player"": ""black"", ""score"": 0.0}]",U
O0056,3,9,4,"[[-3, 1], [1, -2]]","[[1, 0], [1, -1]]",0.0,32293,4990,12093235,5503839380301244269598641,beam,screened_or_balanced,0,0,0,0,4.8,0.4,"[{""move"": [[1, 0], [1, -1]], ""player"": ""black"", ""score"": 0.0}, {""move"": [[-1, 0], [-1, 1]], ""player"": ""white"", ""score"": 0.0}, {""move"": [[0, -1], [0, 1]], ""player"": ""black"", ""score"": 0.0}, {""move"": [[0, -2], [0, 2]], ""player"": ""white"", ""score"": 0.0}, {""move"": [[2, -1], [-1, -1]], ""player"": ""black"", ""score"": 0.0}, {""move"": [[2, 0], [3, -1]], ""player"": ""white"", ""score"": 0.0}, {""move"": [[2, -2], [-1, 2]], ""player"": ""black"", ""score"": 0.0}, {""move"": [[-2, 0], [3, -2]], ""player"": ""white"", ""score"": 0.0}, {""move"": [[-2, 1], [-2, 2]], ""player"": ""black"", ""score"": 0.0}]",U
O0062,3,9,4,"[[-3, 1], [2, -1]]","[[0, -1], [0, 1]]",6621.8,50875,7214,12093235,5503839380301244269598641,beam,black_bulk_edge,0,0,0,0,7.0,0.0,"[{""move"": [[0, -1], [0, 1]], ""player"": ""black"", ""score"": 6621.8}, {""move"": [[0, -2], [0, 2]], ""player"": ""white"", ""score"": 6621.8}, {""move"": [[1, -1], [-1, 1]], ""player"": ""black"", ""score"": 6621.8}, {""move"": [[2, -2], [-2, 2]], ""player"": ""white"", ""score"": 6621.8}, {""move"": [[1, 0], [-1, 0]], ""player"": ""black"", ""score"": 6621.8}, {""move"": [[2, 0], [-2, 0]], ""player"": ""white"", ""score"": 6621.8}, {""move"": [[1, -2], [-1, -1]], ""player"": ""black"", ""score"": 6621.8}, {""move"": [[-2, 1], [-1, 2]], ""player"": ""white"", ""score"": 6621.8}, {""move"": [[1, 1], [3, 0]], ""player"": ""black"", ""score"": 6621.8}]",U
O0014,3,9,4,"[[-2, 1], [-1, -1]]","[[1, -1], [0, -1]]",0.0,25088,4115,12093235,5503839380301244269598641,beam,screened_or_balanced,0,0,0,0,4.6,0.4,"[{""move"": [[1, -1], [0, -1]], ""player"": ""black"", ""score"": 0.0}, {""move"": [[-1, 1], [0, 1]], ""player"": ""white"", ""score"": 0.0}, {""move"": [[-1, 0], [1, 1]], ""player"": ""black"", ""score"": 0.0}, {""move"": [[1, 0], [2, 0]], ""player"": ""white"", ""score"": 0.0}, {""move"": [[2, -1], [-1, 2]], ""player"": ""black"", ""score"": 0.0}, {""move"": [[2, -2], [1, -2]], ""player"": ""white"", ""score"": 0.0}, {""move"": [[0, -2], [-2, 0]], ""player"": ""black"", ""score"": 0.0}, {""move"": [[-2, 2], [0, 2]], ""player"": ""white"", ""score"": 0.0}, {""move"": [[3, 0], [3, -1]], ""player"": ""black"", ""score"": 0.0}]",U
O0019,3,9,4,"[[-2, 1], [2, -1]]","[[1, 0], [1, -1]]",0.0,27338,6096,12093235,5503839380301244269598641,beam,screened_or_balanced,0,0,0,0,5.4,0.4,"[{""move"": [[1, 0], [1, -1]], ""player"": ""black"", ""score"": 0.0}, {""move"": [[-1, 0], [-1, 1]], ""player"": ""white"", ""score"": 0.0}, {""move"": [[0, -1], [0, 1]], ""player"": ""black"", ""score"": 0.0}, {""move"": [[0, -2], [0, 2]], ""player"": ""white"", ""score"": 0.0}, {""move"": [[-1, -1], [-1, 2]], ""player"": ""black"", ""score"": 0.0}, {""move"": [[1, -2], [1, 1]], ""player"": ""white"", ""score"": 0.0}, {""move"": [[2, 0], [2, -2]], ""player"": ""black"", ""score"": 0.0}, {""move"": [[-2, 0], [-2, 2]], ""player"": ""white"", ""score"": 0.0}, {""move"": [[3, 0], [3, -1]], ""player"": ""black"", ""score"": 0.0}]",U
O0064,3,9,4,"[[-3, 1], [2, 1]]","[[-1, 1], [0, 1]]",0.0,23589,3624,12093235,5503839380301244269598641,beam,screened_or_balanced,0,0,0,0,4.8,0.0,"[{""move"": [[-1, 1], [0, 1]], ""player"": ""black"", ""score"": 0.0}, {""move"": [[1, -1], [0, -1]], ""player"": ""white"", ""score"": 0.0}, {""move"": [[2, -1], [-1, -1]], ""player"": ""black"", ""score"": 0.0}, {""move"": [[1, 0], [-1, 0]], ""player"": ""white"", ""score"": 0.0}, {""move"": [[1, -2], [-2, 1]], ""player"": ""black"", ""score"": 0.0}, {""move"": [[2, 0], [2, -2]], ""player"": ""white"", ""score"": 0.0}, {""move"": [[0, -2], [-2, 0]], ""player"": ""black"", ""score"": 0.0}, {""move"": [[-2, 2], [-1, 2]], ""player"": ""white"", ""score"": 0.0}, {""move"": [[0, 2], [1, 1]], ""player"": ""black"", ""score"": 0.0}]",U
O0020,3,9,4,"[[-3, 0], [-3, 1]]","[[1, -1], [0, -1]]",0.0,57223,9659,12093235,5503839380301244269598641,beam,black_bulk_edge,0,0,0,0,5.6,0.2,"[{""move"": [[1, -1], [0, -1]], ""player"": ""black"", ""score"": 0.0}, {""move"": [[-1, 1], [0, 1]], ""player"": ""white"", ""score"": 0.0}, {""move"": [[2, -1], [-2, 1]], ""player"": ""black"", ""score"": 0.0}, {""move"": [[-1, 0], [-1, -1]], ""player"": ""white"", ""score"": 0.0}, {""move"": [[1, 0], [-1, 2]], ""player"": ""black"", ""score"": 0.0}, {""move"": [[1, -2], [1, 1]], ""player"": ""white"", ""score"": 0.0}, {""move"": [[2, 0], [2, -2]], ""player"": ""black"", ""score"": 0.0}, {""move"": [[0, -2], [-2, 0]], ""player"": ""white"", ""score"": 0.0}, {""move"": [[-2, 2], [0, 2]], ""player"": ""black"", ""score"": 0.0}]",U
O0021,3,9,4,"[[-3, 0], [-3, 2]]","[[1, -1], [-1, 1]]",6621.8,101885,9326,12093235,5503839380301244269598641,beam,black_bulk_edge,0,0,0,0,7.4,0.2,"[{""move"": [[1, -1], [-1, 1]], ""player"": ""black"", ""score"": 6621.8}, {""move"": [[2, -2], [-2, 2]], ""player"": ""white"", ""score"": 6621.8}, {""move"": [[0, -1], [0, 1]], ""player"": ""black"", ""score"": 6621.8}, {""move"": [[0, -2], [0, 2]], ""player"": ""white"", ""score"": 6621.8}, {""move"": [[2, -1], [1, 1]], ""player"": ""black"", ""score"": 6621.8}, {""move"": [[-1, -1], [-2, 1]], ""player"": ""white"", ""score"": 6621.8}, {""move"": [[1, 0], [1, -2]], ""player"": ""black"", ""score"": 6621.8}, {""move"": [[-1, 0], [1, -3]], ""player"": ""white"", ""score"": 6621.8}, {""move"": [[2, 0], [-1, 2]], ""player"": ""black"", ""score"": 6621.8}]",U
O0026,3,9,4,"[[-3, 0], [-2, 3]]","[[0, -1], [0, 1]]",6621.8,86890,11421,12093235,5503839380301244269598641,beam,black_bulk_edge,0,0,0,0,7.2,0.0,"[{""move"": [[0, -1], [0, 1]], ""player"": ""black"", ""score"": 6621.8}, {""move"": [[0, -2], [0, 2]], ""player"": ""white"", ""score"": 6621.8}, {""move"": [[1, -1], [-1, 1]], ""player"": ""black"", ""score"": 6621.8}, {""move"": [[2, -2], [-2, 2]], ""player"": ""white"", ""score"": 6621.8}, {""move"": [[-1, -1], [-2, 1]], ""player"": ""black"", ""score"": 6621.8}, {""move"": [[2, -1], [1, 1]], ""player"": ""white"", ""score"": 6621.8}, {""move"": [[-1, 0], [1, -2]], ""player"": ""black"", ""score"": 6621.8}, {""move"": [[1, 0], [2, -3]], ""player"": ""white"", ""score"": 6621.8}, {""move"": [[2, 0], [-1, 2]], ""player"": ""black"", ""score"": 6621.8}]",U
O0030,3,9,4,"[[-3, 0], [-1, 3]]","[[1, -1], [-1, 1]]",6621.8,93829,12231,12093235,5503839380301244269598641,beam,black_bulk_edge,0,0,0,0,7.2,0.0,"[{""move"": [[1, -1], [-1, 1]], ""player"": ""black"", ""score"": 6621.8}, {""move"": [[2, -2], [-2, 2]], ""player"": ""white"", ""score"": 6621.8}, {""move"": [[0, -1], [0, 1]], ""player"": ""black"", ""score"": 6621.8}, {""move"": [[0, -2], [0, 2]], ""player"": ""white"", ""score"": 6621.8}, {""move"": [[2, -1], [-2, 1]], ""player"": ""black"", ""score"": 6621.8}, {""move"": [[-1, -1], [1, 1]], ""player"": ""white"", ""score"": 6621.8}, {""move"": [[1, 0], [-1, 0]], ""player"": ""black"", ""score"": 6621.8}, {""move"": [[2, 0], [1, -2]], ""player"": ""white"", ""score"": 6621.8}, {""move"": [[-2, 0], [-1, 2]], ""player"": ""black"", ""score"": 6621.8}]",U
O0036,3,9,4,"[[-3, 0], [1, 2]]","[[1, -1], [-1, 1]]",6621.8,111127,10149,12093235,5503839380301244269598641,beam,black_bulk_edge,0,0,0,0,7.2,0.0,"[{""move"": [[1, -1], [-1, 1]], ""player"": ""black"", ""score"": 6621.8}, {""move"": [[2, -2], [-2, 2]], ""player"": ""white"", ""score"": 6621.8}, {""move"": [[0, -1], [0, 1]], ""player"": ""black"", ""score"": 6621.8}, {""move"": [[0, -2], [0, 2]], ""player"": ""white"", ""score"": 6621.8}, {""move"": [[2, -1], [-2, 1]], ""player"": ""black"", ""score"": 6621.8}, {""move"": [[-1, -1], [1, 1]], ""player"": ""white"", ""score"": 6621.8}, {""move"": [[1, 0], [-1, 0]], ""player"": ""black"", ""score"": 6621.8}, {""move"": [[2, 0], [1, -2]], ""player"": ""white"", ""score"": 6621.8}, {""move"": [[-2, 0], [-1, 2]], ""player"": ""black"", ""score"": 6621.8}]",U
O0038,3,9,4,"[[-3, 0], [2, 1]]","[[1, -1], [0, -1]]",0.0,57223,9663,12093235,5503839380301244269598641,beam,black_bulk_edge,0,0,0,0,5.6,0.2,"[{""move"": [[1, -1], [0, -1]], ""player"": ""black"", ""score"": 0.0}, {""move"": [[-1, 1], [0, 1]], ""player"": ""white"", ""score"": 0.0}, {""move"": [[2, -1], [-2, 1]], ""player"": ""black"", ""score"": 0.0}, {""move"": [[-1, 0], [-1, -1]], ""player"": ""white"", ""score"": 0.0}, {""move"": [[1, 0], [-1, 2]], ""player"": ""black"", ""score"": 0.0}, {""move"": [[1, -2], [1, 1]], ""player"": ""white"", ""score"": 0.0}, {""move"": [[2, 0], [2, -2]], ""player"": ""black"", ""score"": 0.0}, {""move"": [[0, -2], [-2, 0]], ""player"": ""white"", ""score"": 0.0}, {""move"": [[-2, 2], [0, 2]], ""player"": ""black"", ""score"": 0.0}]",U
O0043,3,9,4,"[[-3, 1], [-2, 1]]","[[-1, 1], [0, 1]]",0.0,31129,4396,12093235,5503839380301244269598641,beam,screened_or_balanced,0,0,0,0,4.8,0.2,"[{""move"": [[-1, 1], [0, 1]], ""player"": ""black"", ""score"": 0.0}, {""move"": [[1, -1], [0, -1]], ""player"": ""white"", ""score"": 0.0}, {""move"": [[-1, 0], [2, -1]], ""player"": ""black"", ""score"": 0.0}, {""move"": [[1, 0], [2, 0]], ""player"": ""white"", ""score"": 0.0}, {""move"": [[1, -2], [1, 1]], ""player"": ""black"", ""score"": 0.0}, {""move"": [[-1, -1], [-1, 2]], ""player"": ""white"", ""score"": 0.0}, {""move"": [[2, -2], [0, -2]], ""player"": ""black"", ""score"": 0.0}, {""move"": [[-2, 0], [-2, 2]], ""player"": ""white"", ""score"": 0.0}, {""move"": [[0, 2], [3, 0]], ""player"": ""black"", ""score"": 0.0}]",U
O0059,3,9,4,"[[-3, 1], [1, 1]]","[[-1, 1], [0, 1]]",0.0,31633,4103,12093235,5503839380301244269598641,beam,screened_or_balanced,0,0,0,0,4.8,0.2,"[{""move"": [[-1, 1], [0, 1]], ""player"": ""black"", ""score"": 0.0}, {""move"": [[1, -1], [0, -1]], ""player"": ""white"", ""score"": 0.0}, {""move"": [[1, 0], [2, -1]], ""player"": ""black"", ""score"": 0.0}, {""move"": [[-1, 0], [-1, 2]], ""player"": ""white"", ""score"": 0.0}, {""move"": [[1, -2], [-2, 1]], ""player"": ""black"", ""score"": 0.0}, {""move"": [[2, 0], [2, -2]], ""player"": ""white"", ""score"": 0.0}, {""move"": [[0, -2], [-1, -1]], ""player"": ""black"", ""score"": 0.0}, {""move"": [[-2, 0], [-2, 2]], ""player"": ""white"", ""score"": 0.0}, {""move"": [[0, 2], [3, 0]], ""player"": ""black"", ""score"": 0.0}]",U
O0024,3,9,4,"[[-3, 0], [-2, 1]]","[[0, -1], [-1, 0]]",0.0,28033,4839,12093235,5503839380301244269598641,beam,screened_or_balanced,0,0,0,0,3.8,0.2,"[{""move"": [[0, -1], [-1, 0]], ""player"": ""black"", ""score"": 0.0}, {""move"": [[1, 0], [0, 1]], ""player"": ""white"", ""score"": 0.0}, {""move"": [[-1, 1], [2, -1]], ""player"": ""black"", ""score"": 0.0}, {""move"": [[1, -1], [2, -2]], ""player"": ""white"", ""score"": 0.0}, {""move"": [[1, -2], [1, 1]], ""player"": ""black"", ""score"": 0.0}, {""move"": [[-1, -1], [-1, 2]], ""player"": ""white"", ""score"": 0.0}, {""move"": [[2, 0], [0, -2]], ""player"": ""black"", ""score"": 0.0}, {""move"": [[-2, 0], [-2, 2]], ""player"": ""white"", ""score"": 0.0}, {""move"": [[0, 2], [3, 0]], ""player"": ""black"", ""score"": 0.0}]",U
O0029,3,9,4,"[[-3, 0], [-1, 2]]","[[1, 0], [-1, 0]]",0.0,26627,4283,12093235,5503839380301244269598641,beam,screened_or_balanced,0,0,0,0,4.2,0.0,"[{""move"": [[1, 0], [-1, 0]], ""player"": ""black"", ""score"": 0.0}, {""move"": [[1, -1], [2, 0]], ""player"": ""white"", ""score"": 0.0}, {""move"": [[0, -1], [0, 1]], ""player"": ""black"", ""score"": 0.0}, {""move"": [[0, -2], [0, 2]], ""player"": ""white"", ""score"": 0.0}, {""move"": [[1, -2], [-2, 1]], ""player"": ""black"", ""score"": 0.0}, {""move"": [[-1, 1], [2, -3]], ""player"": ""white"", ""score"": 0.0}, {""move"": [[2, -1], [2, -2]], ""player"": ""black"", ""score"": 0.0}, {""move"": [[-1, -1], [-2, 0]], ""player"": ""white"", ""score"": 0.0}, {""move"": [[-2, 2], [1, 1]], ""player"": ""black"", ""score"": 0.0}]",U
O0035,3,9,4,"[[-3, 0], [1, 1]]","[[1, 0], [1, -1]]",0.0,30312,5510,12093235,5503839380301244269598641,beam,screened_or_balanced,0,0,0,0,3.8,0.2,"[{""move"": [[1, 0], [1, -1]], ""player"": ""black"", ""score"": 0.0}, {""move"": [[-1, 0], [-1, 1]], ""player"": ""white"", ""score"": 0.0}, {""move"": [[0, 1], [-1, -1]], ""player"": ""black"", ""score"": 0.0}, {""move"": [[0, -1], [2, -1]], ""player"": ""white"", ""score"": 0.0}, {""move"": [[1, -2], [-2, 1]], ""player"": ""black"", ""score"": 0.0}, {""move"": [[2, 0], [2, -2]], ""player"": ""white"", ""score"": 0.0}, {""move"": [[0, -2], [-2, 0]], ""player"": ""black"", ""score"": 0.0}, {""move"": [[-2, 2], [-1, 2]], ""player"": ""white"", ""score"": 0.0}, {""move"": [[0, 2], [3, 0]], ""player"": ""black"", ""score"": 0.0}]",U
O0017,3,9,4,"[[-2, 1], [1, -2]]","[[0, -1], [-1, 0]]",0.0,21635,2560,12093235,5503839380301244269598641,beam,screened_or_balanced,0,0,0,0,4.8,0.4,"[{""move"": [[0, -1], [-1, 0]], ""player"": ""black"", ""score"": 0.0}, {""move"": [[1, 0], [0, 1]], ""player"": ""white"", ""score"": 0.0}, {""move"": [[1, -1], [-1, 1]], ""player"": ""black"", ""score"": 0.0}, {""move"": [[2, -2], [-2, 2]], ""player"": ""white"", ""score"": 0.0}, {""move"": [[2, -1], [-1, -1]], ""player"": ""black"", ""score"": 0.0}, {""move"": [[2, 0], [3, -1]], ""player"": ""white"", ""score"": 0.0}, {""move"": [[0, -2], [-1, 2]], ""player"": ""black"", ""score"": 0.0}, {""move"": [[-2, 0], [-1, -2]], ""player"": ""white"", ""score"": 0.0}, {""move"": [[0, 2], [1, 1]], ""player"": ""black"", ""score"": 0.0}]",U
O0013,3,9,4,"[[-2, 0], [2, 0]]","[[1, -1], [0, -1]]",0.0,25647,3780,12093235,5503839380301244269598641,beam,black_bulk_edge,0,0,0,0,5.4,0.0,"[{""move"": [[1, -1], [0, -1]], ""player"": ""black"", ""score"": 0.0}, {""move"": [[-1, 1], [0, 1]], ""player"": ""white"", ""score"": 0.0}, {""move"": [[-2, 1], [1, 1]], ""player"": ""black"", ""score"": 0.0}, {""move"": [[1, 0], [-1, 0]], ""player"": ""white"", ""score"": 0.0}, {""move"": [[2, -1], [-1, -1]], ""player"": ""black"", ""score"": 0.0}, {""move"": [[2, -2], [3, -1]], ""player"": ""white"", ""score"": 0.0}, {""move"": [[1, -2], [0, -2]], ""player"": ""black"", ""score"": 0.0}, {""move"": [[-2, 2], [-1, 2]], ""player"": ""white"", ""score"": 0.0}, {""move"": [[0, 2], [3, 0]], ""player"": ""black"", ""score"": 0.0}]",U
O0022,3,9,4,"[[-3, 0], [-3, 3]]","[[0, -1], [0, 1]]",0.0,20048,2868,12093235,5503839380301244269598641,beam,black_bulk_edge,0,0,0,0,7.2,0.0,"[{""move"": [[0, -1], [0, 1]], ""player"": ""black"", ""score"": 0.0}, {""move"": [[0, -2], [0, 2]], ""player"": ""white"", ""score"": 0.0}, {""move"": [[1, 0], [1, -1]], ""player"": ""black"", ""score"": 0.0}, {""move"": [[-1, 0], [-1, 1]], ""player"": ""white"", ""score"": 0.0}, {""move"": [[2, -1], [-1, -1]], ""player"": ""black"", ""score"": 0.0}, {""move"": [[1, -2], [3, -1]], ""player"": ""white"", ""score"": 0.0}, {""move"": [[2, 0], [-1, 2]], ""player"": ""black"", ""score"": 0.0}, {""move"": [[2, -2], [3, -2]], ""player"": ""white"", ""score"": 0.0}, {""move"": [[-2, 0], [-2, 1]], ""player"": ""black"", ""score"": 0.0}]",U
O0023,3,9,4,"[[-3, 0], [-2, 0]]","[[1, -1], [0, -1]]",0.0,36742,4769,12093235,5503839380301244269598641,beam,black_bulk_edge,0,0,0,0,5.4,0.0,"[{""move"": [[1, -1], [0, -1]], ""player"": ""black"", ""score"": 0.0}, {""move"": [[-1, 1], [0, 1]], ""player"": ""white"", ""score"": 0.0}, {""move"": [[-2, 1], [1, 1]], ""player"": ""black"", ""score"": 0.0}, {""move"": [[1, 0], [-1, 0]], ""player"": ""white"", ""score"": 0.0}, {""move"": [[2, -1], [-1, -1]], ""player"": ""black"", ""score"": 0.0}, {""move"": [[2, 0], [3, -1]], ""player"": ""white"", ""score"": 0.0}, {""move"": [[2, -2], [1, -2]], ""player"": ""black"", ""score"": 0.0}, {""move"": [[0, -2], [-2, 2]], ""player"": ""white"", ""score"": 0.0}, {""move"": [[-1, 2], [0, 2]], ""player"": ""black"", ""score"": 0.0}]",U
O0033,3,9,4,"[[-3, 0], [0, 3]]","[[1, -1], [-1, 1]]",0.0,15910,2307,12093235,5503839380301244269598641,beam,black_bulk_edge,0,0,0,0,7.2,0.0,"[{""move"": [[1, -1], [-1, 1]], ""player"": ""black"", ""score"": 0.0}, {""move"": [[2, -2], [-2, 2]], ""player"": ""white"", ""score"": 0.0}, {""move"": [[1, 0], [0, -1]], ""player"": ""black"", ""score"": 0.0}, {""move"": [[-1, 0], [0, 1]], ""player"": ""white"", ""score"": 0.0}, {""move"": [[2, -1], [1, -2]], ""player"": ""black"", ""score"": 0.0}, {""move"": [[-1, -1], [1, 1]], ""player"": ""white"", ""score"": 0.0}, {""move"": [[2, 0], [0, -2]], ""player"": ""black"", ""score"": 0.0}, {""move"": [[-2, 0], [-2, 1]], ""player"": ""white"", ""score"": 0.0}, {""move"": [[-1, 2], [0, 2]], ""player"": ""black"", ""score"": 0.0}]",U
O0037,3,9,4,"[[-3, 0], [2, 0]]","[[1, -1], [0, -1]]",0.0,36502,4638,12093235,5503839380301244269598641,beam,black_bulk_edge,0,0,0,0,5.4,0.0,"[{""move"": [[1, -1], [0, -1]], ""player"": ""black"", ""score"": 0.0}, {""move"": [[-1, 1], [0, 1]], ""player"": ""white"", ""score"": 0.0}, {""move"": [[-2, 1], [1, 1]], ""player"": ""black"", ""score"": 0.0}, {""move"": [[1, 0], [-1, 0]], ""player"": ""white"", ""score"": 0.0}, {""move"": [[2, -1], [-1, -1]], ""player"": ""black"", ""score"": 0.0}, {""move"": [[2, -2], [3, -1]], ""player"": ""white"", ""score"": 0.0}, {""move"": [[1, -2], [0, -2]], ""player"": ""black"", ""score"": 0.0}, {""move"": [[-2, 0], [-2, 2]], ""player"": ""white"", ""score"": 0.0}, {""move"": [[-1, 2], [0, 2]], ""player"": ""black"", ""score"": 0.0}]",U
O0039,3,9,4,"[[-3, 0], [3, 0]]","[[1, -1], [0, -1]]",0.0,30080,4288,12093235,5503839380301244269598641,beam,black_bulk_edge,0,0,0,0,5.4,0.0,"[{""move"": [[1, -1], [0, -1]], ""player"": ""black"", ""score"": 0.0}, {""move"": [[-1, 1], [0, 1]], ""player"": ""white"", ""score"": 0.0}, {""move"": [[-2, 1], [1, 1]], ""player"": ""black"", ""score"": 0.0}, {""move"": [[1, 0], [-1, 0]], ""player"": ""white"", ""score"": 0.0}, {""move"": [[2, -1], [-1, -1]], ""player"": ""black"", ""score"": 0.0}, {""move"": [[2, 0], [3, -1]], ""player"": ""white"", ""score"": 0.0}, {""move"": [[2, -2], [1, -2]], ""player"": ""black"", ""score"": 0.0}, {""move"": [[0, -2], [-2, 0]], ""player"": ""white"", ""score"": 0.0}, {""move"": [[-2, 2], [-1, 2]], ""player"": ""black"", ""score"": 0.0}]",U
O0042,3,9,4,"[[-3, 1], [-2, 0]]","[[1, -1], [0, -1]]",0.0,37202,4162,12093235,5503839380301244269598641,beam,black_bulk_edge,0,0,0,0,5.4,0.2,"[{""move"": [[1, -1], [0, -1]], ""player"": ""black"", ""score"": 0.0}, {""move"": [[-1, 1], [0, 1]], ""player"": ""white"", ""score"": 0.0}, {""move"": [[2, -1], [-2, 1]], ""player"": ""black"", ""score"": 0.0}, {""move"": [[1, -2], [-1, -1]], ""player"": ""white"", ""score"": 0.0}, {""move"": [[-1, 0], [-1, 2]], ""player"": ""black"", ""score"": 0.0}, {""move"": [[1, 0], [2, 0]], ""player"": ""white"", ""score"": 0.0}, {""move"": [[2, -2], [0, -2]], ""player"": ""black"", ""score"": 0.0}, {""move"": [[-2, 2], [0, 2]], ""player"": ""white"", ""score"": 0.0}, {""move"": [[1, 1], [3, 0]], ""player"": ""black"", ""score"": 0.0}]",U
O0044,3,9,4,"[[-3, 1], [-2, 2]]","[[1, 0], [0, -1]]",0.0,44400,7023,12093235,5503839380301244269598641,beam,screened_or_balanced,0,0,0,0,4.8,0.2,"[{""move"": [[1, 0], [0, -1]], ""player"": ""black"", ""score"": 0.0}, {""move"": [[-1, 0], [0, 1]], ""player"": ""white"", ""score"": 0.0}, {""move"": [[-1, 1], [-2, 1]], ""player"": ""black"", ""score"": 0.0}, {""move"": [[1, -1], [2, -1]], ""player"": ""white"", ""score"": 0.0}, {""move"": [[2, 0], [2, -2]], ""player"": ""black"", ""score"": 0.0}, {""move"": [[1, -2], [0, -2]], ""player"": ""white"", ""score"": 0.0}, {""move"": [[-1, -1], [-2, 0]], ""player"": ""black"", ""score"": 0.0}, {""move"": [[-1, 2], [0, 2]], ""player"": ""white"", ""score"": 0.0}, {""move"": [[1, 1], [3, 0]], ""player"": ""black"", ""score"": 0.0}]",U
O0051,3,9,4,"[[-3, 1], [0, -2]]","[[1, 0], [1, -1]]",0.0,53042,8943,12093235,5503839380301244269598641,beam,black_bulk_edge,0,0,0,0,5.4,0.2,"[{""move"": [[1, 0], [1, -1]], ""player"": ""black"", ""score"": 0.0}, {""move"": [[-1, 0], [-1, 1]], ""player"": ""white"", ""score"": 0.0}, {""move"": [[0, 1], [-1, -1]], ""player"": ""black"", ""score"": 0.0}, {""move"": [[0, -1], [2, -1]], ""player"": ""white"", ""score"": 0.0}, {""move"": [[1, -2], [-2, 1]], ""player"": ""black"", ""score"": 0.0}, {""move"": [[2, 0], [1, 1]], ""player"": ""white"", ""score"": 0.0}, {""move"": [[2, -2], [-2, 0]], ""player"": ""black"", ""score"": 0.0}, {""move"": [[-2, 2], [-1, 2]], ""player"": ""white"", ""score"": 0.0}, {""move"": [[0, 2], [3, 0]], ""player"": ""black"", ""score"": 0.0}]",U
O0054,3,9,4,"[[-3, 1], [0, 2]]","[[1, 0], [1, -1]]",0.0,54961,9095,12093235,5503839380301244269598641,beam,black_bulk_edge,0,0,0,0,5.4,0.2,"[{""move"": [[1, 0], [1, -1]], ""player"": ""black"", ""score"": 0.0}, {""move"": [[-1, 0], [-1, 1]], ""player"": ""white"", ""score"": 0.0}, {""move"": [[0, 1], [-1, -1]], ""player"": ""black"", ""score"": 0.0}, {""move"": [[0, -1], [2, -1]], ""player"": ""white"", ""score"": 0.0}, {""move"": [[1, -2], [-2, 1]], ""player"": ""black"", ""score"": 0.0}, {""move"": [[2, 0], [1, 1]], ""player"": ""white"", ""score"": 0.0}, {""move"": [[2, -2], [0, -2]], ""player"": ""black"", ""score"": 0.0}, {""move"": [[-2, 0], [-2, 2]], ""player"": ""white"", ""score"": 0.0}, {""move"": [[-1, 2], [3, 0]], ""player"": ""black"", ""score"": 0.0}]",U
O0061,3,9,4,"[[-3, 1], [2, -2]]","[[1, 0], [0, -1]]",0.0,42028,6127,12093235,5503839380301244269598641,beam,screened_or_balanced,0,0,0,0,4.8,0.2,"[{""move"": [[1, 0], [0, -1]], ""player"": ""black"", ""score"": 0.0}, {""move"": [[-1, 0], [0, 1]], ""player"": ""white"", ""score"": 0.0}, {""move"": [[-1, 1], [-2, 1]], ""player"": ""black"", ""score"": 0.0}, {""move"": [[1, -1], [2, -1]], ""player"": ""white"", ""score"": 0.0}, {""move"": [[2, 0], [1, -2]], ""player"": ""black"", ""score"": 0.0}, {""move"": [[0, -2], [-1, -1]], ""player"": ""white"", ""score"": 0.0}, {""move"": [[-2, 0], [-2, 2]], ""player"": ""black"", ""score"": 0.0}, {""move"": [[-1, 2], [0, 2]], ""player"": ""white"", ""score"": 0.0}, {""move"": [[1, 1], [3, 0]], ""player"": ""black"", ""score"": 0.0}]",U
O0063,3,9,4,"[[-3, 1], [2, 0]]","[[1, -1], [0, -1]]",0.0,36957,3886,12093235,5503839380301244269598641,beam,black_bulk_edge,0,0,0,0,5.4,0.2,"[{""move"": [[1, -1], [0, -1]], ""player"": ""black"", ""score"": 0.0}, {""move"": [[-1, 1], [0, 1]], ""player"": ""white"", ""score"": 0.0}, {""move"": [[2, -1], [-2, 1]], ""player"": ""black"", ""score"": 0.0}, {""move"": [[1, -2], [-1, -1]], ""player"": ""white"", ""score"": 0.0}, {""move"": [[-1, 0], [-1, 2]], ""player"": ""black"", ""score"": 0.0}, {""move"": [[1, 0], [2, -2]], ""player"": ""white"", ""score"": 0.0}, {""move"": [[0, -2], [-2, 0]], ""player"": ""black"", ""score"": 0.0}, {""move"": [[-2, 2], [0, 2]], ""player"": ""white"", ""score"": 0.0}, {""move"": [[1, 1], [3, 0]], ""player"": ""black"", ""score"": 0.0}]",U
O0004,3,9,4,"[[-2, 0], [-2, 1]]","[[1, -1], [0, -1]]",0.0,33600,4467,12093235,5503839380301244269598641,beam,screened_or_balanced,0,0,0,0,5.2,0.2,"[{""move"": [[1, -1], [0, -1]], ""player"": ""black"", ""score"": 0.0}, {""move"": [[-1, 1], [0, 1]], ""player"": ""white"", ""score"": 0.0}, {""move"": [[2, -1], [1, 1]], ""player"": ""black"", ""score"": 0.0}, {""move"": [[1, 0], [-1, -1]], ""player"": ""white"", ""score"": 0.0}, {""move"": [[-1, 0], [-1, 2]], ""player"": ""black"", ""score"": 0.0}, {""move"": [[2, 0], [2, -2]], ""player"": ""white"", ""score"": 0.0}, {""move"": [[1, -2], [0, -2]], ""player"": ""black"", ""score"": 0.0}, {""move"": [[-2, 2], [0, 2]], ""player"": ""white"", ""score"": 0.0}, {""move"": [[3, 0], [3, -1]], ""player"": ""black"", ""score"": 0.0}]",U
O0006,3,9,4,"[[-2, 0], [-1, 0]]","[[1, -1], [0, -1]]",0.0,22410,3399,12093235,5503839380301244269598641,beam,screened_or_balanced,0,0,0,0,5.2,0.2,"[{""move"": [[1, -1], [0, -1]], ""player"": ""black"", ""score"": 0.0}, {""move"": [[-1, 1], [0, 1]], ""player"": ""white"", ""score"": 0.0}, {""move"": [[-1, -1], [-2, 1]], ""player"": ""black"", ""score"": 0.0}, {""move"": [[1, 0], [2, -1]], ""player"": ""white"", ""score"": 0.0}, {""move"": [[2, 0], [-1, 2]], ""player"": ""black"", ""score"": 0.0}, {""move"": [[2, -2], [1, -2]], ""player"": ""white"", ""score"": 0.0}, {""move"": [[0, -2], [-2, 2]], ""player"": ""black"", ""score"": 0.0}, {""move"": [[0, 2], [1, 1]], ""player"": ""white"", ""score"": 0.0}, {""move"": [[3, 0], [3, -1]], ""player"": ""black"", ""score"": 0.0}]",U
O0008,3,9,4,"[[-2, 0], [-1, 2]]","[[1, -1], [0, -1]]",0.0,59507,16025,12093235,5503839380301244269598641,beam,screened_or_balanced,0,0,0,0,5.4,0.4,"[{""move"": [[1, -1], [0, -1]], ""player"": ""black"", ""score"": 0.0}, {""move"": [[-1, 1], [0, 1]], ""player"": ""white"", ""score"": 0.0}, {""move"": [[1, 0], [-1, 0]], ""player"": ""black"", ""score"": 0.0}, {""move"": [[2, -1], [1, -2]], ""player"": ""white"", ""score"": 0.0}, {""move"": [[-2, 1], [1, 1]], ""player"": ""black"", ""score"": 0.0}, {""move"": [[2, 0], [2, -2]], ""player"": ""white"", ""score"": 0.0}, {""move"": [[0, -2], [-1, -1]], ""player"": ""black"", ""score"": 0.0}, {""move"": [[-2, 2], [0, 2]], ""player"": ""white"", ""score"": 0.0}, {""move"": [[3, 0], [3, -1]], ""player"": ""black"", ""score"": 0.0}]",U
O0011,3,9,4,"[[-2, 0], [1, 0]]","[[1, -1], [0, -1]]",0.0,18315,2765,12093235,5503839380301244269598641,beam,screened_or_balanced,0,0,0,0,5.2,0.2,"[{""move"": [[1, -1], [0, -1]], ""player"": ""black"", ""score"": 0.0}, {""move"": [[-1, 1], [0, 1]], ""player"": ""white"", ""score"": 0.0}, {""move"": [[2, -1], [-2, 1]], ""player"": ""black"", ""score"": 0.0}, {""move"": [[-1, 0], [-1, -1]], ""player"": ""white"", ""score"": 0.0}, {""move"": [[2, 0], [-1, 2]], ""player"": ""black"", ""score"": 0.0}, {""move"": [[2, -2], [1, -2]], ""player"": ""white"", ""score"": 0.0}, {""move"": [[0, -2], [-2, 2]], ""player"": ""black"", ""score"": 0.0}, {""move"": [[0, 2], [1, 1]], ""player"": ""white"", ""score"": 0.0}, {""move"": [[3, 0], [3, -1]], ""player"": ""black"", ""score"": 0.0}]",U
O0012,3,9,4,"[[-2, 0], [1, 1]]","[[1, -1], [0, -1]]",0.0,30264,4178,12093235,5503839380301244269598641,beam,screened_or_balanced,0,0,0,0,5.2,0.2,"[{""move"": [[1, -1], [0, -1]], ""player"": ""black"", ""score"": 0.0}, {""move"": [[-1, 1], [0, 1]], ""player"": ""white"", ""score"": 0.0}, {""move"": [[2, -1], [-2, 1]], ""player"": ""black"", ""score"": 0.0}, {""move"": [[-1, 0], [-1, -1]], ""player"": ""white"", ""score"": 0.0}, {""move"": [[1, 0], [-1, 2]], ""player"": ""black"", ""score"": 0.0}, {""move"": [[2, 0], [2, -2]], ""player"": ""white"", ""score"": 0.0}, {""move"": [[1, -2], [0, -2]], ""player"": ""black"", ""score"": 0.0}, {""move"": [[-2, 2], [0, 2]], ""player"": ""white"", ""score"": 0.0}, {""move"": [[3, 0], [3, -1]], ""player"": ""black"", ""score"": 0.0}]",U
O0027,3,9,4,"[[-3, 0], [-1, 0]]","[[1, -1], [0, -1]]",0.0,25084,3621,12093235,5503839380301244269598641,beam,screened_or_balanced,0,0,0,0,5.2,0.2,"[{""move"": [[1, -1], [0, -1]], ""player"": ""black"", ""score"": 0.0}, {""move"": [[-1, 1], [0, 1]], ""player"": ""white"", ""score"": 0.0}, {""move"": [[-1, -1], [-2, 1]], ""player"": ""black"", ""score"": 0.0}, {""move"": [[1, 0], [2, -1]], ""player"": ""white"", ""score"": 0.0}, {""move"": [[2, 0], [-1, 2]], ""player"": ""black"", ""score"": 0.0}, {""move"": [[2, -2], [1, -2]], ""player"": ""white"", ""score"": 0.0}, {""move"": [[0, -2], [-2, 0]], ""player"": ""black"", ""score"": 0.0}, {""move"": [[-2, 2], [0, 2]], ""player"": ""white"", ""score"": 0.0}, {""move"": [[1, 1], [3, 0]], ""player"": ""black"", ""score"": 0.0}]",U
O0034,3,9,4,"[[-3, 0], [1, 0]]","[[1, -1], [0, -1]]",0.0,23395,3914,12093235,5503839380301244269598641,beam,screened_or_balanced,0,0,0,0,5.2,0.2,"[{""move"": [[1, -1], [0, -1]], ""player"": ""black"", ""score"": 0.0}, {""move"": [[-1, 1], [0, 1]], ""player"": ""white"", ""score"": 0.0}, {""move"": [[2, -1], [-2, 1]], ""player"": ""black"", ""score"": 0.0}, {""move"": [[-1, 0], [-1, -1]], ""player"": ""white"", ""score"": 0.0}, {""move"": [[2, 0], [-1, 2]], ""player"": ""black"", ""score"": 0.0}, {""move"": [[2, -2], [1, -2]], ""player"": ""white"", ""score"": 0.0}, {""move"": [[0, -2], [-2, 0]], ""player"": ""black"", ""score"": 0.0}, {""move"": [[-2, 2], [0, 2]], ""player"": ""white"", ""score"": 0.0}, {""move"": [[1, 1], [3, 0]], ""player"": ""black"", ""score"": 0.0}]",U
O0047,3,9,4,"[[-3, 1], [-1, 0]]","[[0, -1], [-1, 1]]",0.0,25066,2941,12093235,5503839380301244269598641,beam,screened_or_balanced,0,0,0,0,4.2,0.0,"[{""move"": [[0, -1], [-1, 1]], ""player"": ""black"", ""score"": 0.0}, {""move"": [[1, -1], [0, 1]], ""player"": ""white"", ""score"": 0.0}, {""move"": [[1, 0], [2, -1]], ""player"": ""black"", ""score"": 0.0}, {""move"": [[2, 0], [2, -2]], ""player"": ""white"", ""score"": 0.0}, {""move"": [[1, -2], [0, -2]], ""player"": ""black"", ""score"": 0.0}, {""move"": [[-1, -1], [-2, 0]], ""player"": ""white"", ""score"": 0.0}, {""move"": [[-2, 1], [-2, 2]], ""player"": ""black"", ""score"": 0.0}, {""move"": [[-1, 2], [0, 2]], ""player"": ""white"", ""score"": 0.0}, {""move"": [[1, 1], [3, 0]], ""player"": ""black"", ""score"": 0.0}]",U
O0052,3,9,4,"[[-3, 1], [0, -1]]","[[1, -1], [-1, 0]]",0.0,34223,5979,12093235,5503839380301244269598641,beam,screened_or_balanced,0,0,0,0,4.4,0.2,"[{""move"": [[1, -1], [-1, 0]], ""player"": ""black"", ""score"": 0.0}, {""move"": [[1, 0], [-1, 1]], ""player"": ""white"", ""score"": 0.0}, {""move"": [[0, 1], [-2, 1]], ""player"": ""black"", ""score"": 0.0}, {""move"": [[2, 0], [2, -1]], ""player"": ""white"", ""score"": 0.0}, {""move"": [[2, -2], [1, -2]], ""player"": ""black"", ""score"": 0.0}, {""move"": [[0, -2], [-1, -1]], ""player"": ""white"", ""score"": 0.0}, {""move"": [[-2, 0], [-2, 2]], ""player"": ""black"", ""score"": 0.0}, {""move"": [[-1, 2], [0, 2]], ""player"": ""white"", ""score"": 0.0}, {""move"": [[1, 1], [3, 0]], ""player"": ""black"", ""score"": 0.0}]",U
O0057,3,9,4,"[[-3, 1], [1, -1]]","[[1, 0], [0, -1]]",0.0,31751,5299,12093235,5503839380301244269598641,beam,screened_or_balanced,0,0,0,0,4.4,0.2,"[{""move"": [[1, 0], [0, -1]], ""player"": ""black"", ""score"": 0.0}, {""move"": [[-1, 0], [0, 1]], ""player"": ""white"", ""score"": 0.0}, {""move"": [[-1, 1], [-2, 1]], ""player"": ""black"", ""score"": 0.0}, {""move"": [[2, 0], [2, -1]], ""player"": ""white"", ""score"": 0.0}, {""move"": [[2, -2], [1, -2]], ""player"": ""black"", ""score"": 0.0}, {""move"": [[0, -2], [-1, -1]], ""player"": ""white"", ""score"": 0.0}, {""move"": [[-2, 0], [-2, 2]], ""player"": ""black"", ""score"": 0.0}, {""move"": [[-1, 2], [0, 2]], ""player"": ""white"", ""score"": 0.0}, {""move"": [[1, 1], [3, 0]], ""player"": ""black"", ""score"": 0.0}]",U
O0058,3,9,4,"[[-3, 1], [1, 0]]","[[1, -1], [-1, 1]]",0.0,28845,2573,12093235,5503839380301244269598641,beam,black_bulk_edge,0,0,0,0,6.8,0.2,"[{""move"": [[1, -1], [-1, 1]], ""player"": ""black"", ""score"": 0.0}, {""move"": [[2, -2], [-2, 2]], ""player"": ""white"", ""score"": 0.0}, {""move"": [[0, -1], [0, 1]], ""player"": ""black"", ""score"": 0.0}, {""move"": [[0, -2], [0, 2]], ""player"": ""white"", ""score"": 0.0}, {""move"": [[2, -1], [-1, -1]], ""player"": ""black"", ""score"": 0.0}, {""move"": [[-1, 0], [3, -1]], ""player"": ""white"", ""score"": 0.0}, {""move"": [[2, 0], [1, -2]], ""player"": ""black"", ""score"": 0.0}, {""move"": [[-2, 0], [-2, 1]], ""player"": ""white"", ""score"": 0.0}, {""move"": [[-1, 2], [1, 1]], ""player"": ""black"", ""score"": 0.0}]",U
O0003,3,9,4,"[[-1, 0], [1, 0]]","[[1, -1], [0, -1]]",0.0,38996,13494,12093235,5503839380301244269598641,beam,screened_or_balanced,0,0,0,0,5.0,0.4,"[{""move"": [[1, -1], [0, -1]], ""player"": ""black"", ""score"": 0.0}, {""move"": [[-1, 1], [0, 1]], ""player"": ""white"", ""score"": 0.0}, {""move"": [[2, -1], [-1, -1]], ""player"": ""black"", ""score"": 0.0}, {""move"": [[-2, 1], [3, -1]], ""player"": ""white"", ""score"": 0.0}, {""move"": [[2, 0], [1, 1]], ""player"": ""black"", ""score"": 0.0}, {""move"": [[2, -2], [1, -2]], ""player"": ""white"", ""score"": 0.0}, {""move"": [[0, -2], [-2, 0]], ""player"": ""black"", ""score"": 0.0}, {""move"": [[-2, 2], [-1, 2]], ""player"": ""white"", ""score"": 0.0}, {""move"": [[0, 2], [3, 0]], ""player"": ""black"", ""score"": 0.0}]",U
O0018,3,9,4,"[[-2, 1], [1, -1]]","[[1, 0], [0, -1]]",0.0,24828,3642,12093235,5503839380301244269598641,beam,screened_or_balanced,0,0,0,0,4.2,0.2,"[{""move"": [[1, 0], [0, -1]], ""player"": ""black"", ""score"": 0.0}, {""move"": [[-1, 0], [0, 1]], ""player"": ""white"", ""score"": 0.0}, {""move"": [[-1, 1], [1, 1]], ""player"": ""black"", ""score"": 0.0}, {""move"": [[2, 0], [2, -1]], ""player"": ""white"", ""score"": 0.0}, {""move"": [[2, -2], [1, -2]], ""player"": ""black"", ""score"": 0.0}, {""move"": [[0, -2], [-1, -1]], ""player"": ""white"", ""score"": 0.0}, {""move"": [[-2, 0], [-2, 2]], ""player"": ""black"", ""score"": 0.0}, {""move"": [[-1, 2], [0, 2]], ""player"": ""white"", ""score"": 0.0}, {""move"": [[3, 0], [3, -1]], ""player"": ""black"", ""score"": 0.0}]",U
O0025,3,9,4,"[[-3, 0], [-2, 2]]","[[0, -1], [0, 1]]",0.0,27396,2747,12093235,5503839380301244269598641,beam,black_bulk_edge,0,0,0,0,7.0,0.0,"[{""move"": [[0, -1], [0, 1]], ""player"": ""black"", ""score"": 0.0}, {""move"": [[0, -2], [0, 2]], ""player"": ""white"", ""score"": 0.0}, {""move"": [[1, 0], [-1, 0]], ""player"": ""black"", ""score"": 0.0}, {""move"": [[2, 0], [2, -1]], ""player"": ""white"", ""score"": 0.0}, {""move"": [[1, -2], [-2, 1]], ""player"": ""black"", ""score"": 0.0}, {""move"": [[1, -1], [2, -3]], ""player"": ""white"", ""score"": 0.0}, {""move"": [[-1, 1], [1, 1]], ""player"": ""black"", ""score"": 0.0}, {""move"": [[-1, -1], [-3, 1]], ""player"": ""white"", ""score"": 0.0}, {""move"": [[2, -2], [-2, 0]], ""player"": ""black"", ""score"": 0.0}]",U
O0032,3,9,4,"[[-3, 0], [0, 2]]","[[1, -1], [-1, 1]]",0.0,35774,4666,12093235,5503839380301244269598641,beam,black_bulk_edge,0,0,0,0,7.0,0.0,"[{""move"": [[1, -1], [-1, 1]], ""player"": ""black"", ""score"": 0.0}, {""move"": [[2, -2], [-2, 2]], ""player"": ""white"", ""score"": 0.0}, {""move"": [[1, 0], [-1, 0]], ""player"": ""black"", ""score"": 0.0}, {""move"": [[2, 0], [1, -2]], ""player"": ""white"", ""score"": 0.0}, {""move"": [[-1, -1], [-1, 2]], ""player"": ""black"", ""score"": 0.0}, {""move"": [[0, -1], [-1, -2]], ""player"": ""white"", ""score"": 0.0}, {""move"": [[0, 1], [2, -1]], ""player"": ""black"", ""score"": 0.0}, {""move"": [[-2, 1], [3, -2]], ""player"": ""white"", ""score"": 0.0}, {""move"": [[0, -2], [-2, 0]], ""player"": ""black"", ""score"": 0.0}]",U
O0048,3,9,4,"[[-3, 1], [-1, 1]]","[[0, 1], [-2, 1]]",0.0,24507,2989,12093235,5503839380301244269598641,beam,screened_or_balanced,0,0,0,0,2.8,0.2,"[{""move"": [[0, 1], [-2, 1]], ""player"": ""black"", ""score"": 0.0}, {""move"": [[0, -1], [0, -2]], ""player"": ""white"", ""score"": 0.0}, {""move"": [[1, 0], [-1, 0]], ""player"": ""black"", ""score"": 0.0}, {""move"": [[2, 0], [-2, 0]], ""player"": ""white"", ""score"": 0.0}, {""move"": [[2, -1], [-1, 2]], ""player"": ""black"", ""score"": 0.0}, {""move"": [[1, -1], [3, -2]], ""player"": ""white"", ""score"": 0.0}, {""move"": [[2, -2], [1, -2]], ""player"": ""black"", ""score"": 0.0}, {""move"": [[-1, -1], [-2, 2]], ""player"": ""white"", ""score"": 0.0}, {""move"": [[0, 2], [1, 1]], ""player"": ""black"", ""score"": 0.0}]",U
O0053,3,9,4,"[[-3, 1], [0, 1]]","[[-1, 1], [-2, 1]]",0.0,30007,4770,12093235,5503839380301244269598641,beam,screened_or_balanced,0,0,0,0,2.8,0.2,"[{""move"": [[-1, 1], [-2, 1]], ""player"": ""black"", ""score"": 0.0}, {""move"": [[1, -1], [2, -2]], ""player"": ""white"", ""score"": 0.0}, {""move"": [[1, 0], [0, -1]], ""player"": ""black"", ""score"": 0.0}, {""move"": [[-1, 0], [2, 0]], ""player"": ""white"", ""score"": 0.0}, {""move"": [[2, -1], [1, -2]], ""player"": ""black"", ""score"": 0.0}, {""move"": [[0, -2], [-1, -1]], ""player"": ""white"", ""score"": 0.0}, {""move"": [[-2, 0], [-2, 2]], ""player"": ""black"", ""score"": 0.0}, {""move"": [[-1, 2], [0, 2]], ""player"": ""white"", ""score"": 0.0}, {""move"": [[1, 1], [3, 0]], ""player"": ""black"", ""score"": 0.0}]",U
O0028,3,9,4,"[[-3, 0], [-1, 1]]","[[0, -1], [-1, 0]]",0.0,22379,2381,12093235,5503839380301244269598641,beam,screened_or_balanced,0,0,0,0,4.2,0.2,"[{""move"": [[0, -1], [-1, 0]], ""player"": ""black"", ""score"": 0.0}, {""move"": [[0, 1], [0, -2]], ""player"": ""white"", ""score"": 0.0}, {""move"": [[-2, 1], [1, 1]], ""player"": ""black"", ""score"": 0.0}, {""move"": [[1, 0], [1, -2]], ""player"": ""white"", ""score"": 0.0}, {""move"": [[2, -1], [-1, 2]], ""player"": ""black"", ""score"": 0.0}, {""move"": [[1, -1], [-1, -1]], ""player"": ""white"", ""score"": 0.0}, {""move"": [[2, 0], [2, -2]], ""player"": ""black"", ""score"": 0.0}, {""move"": [[-2, 0], [-2, 2]], ""player"": ""white"", ""score"": 0.0}, {""move"": [[0, 2], [3, 0]], ""player"": ""black"", ""score"": 0.0}]",U
O0031,3,9,4,"[[-3, 0], [0, 1]]","[[1, 0], [1, -1]]",0.0,24504,3100,12093235,5503839380301244269598641,beam,screened_or_balanced,0,0,0,0,4.2,0.2,"[{""move"": [[1, 0], [1, -1]], ""player"": ""black"", ""score"": 0.0}, {""move"": [[-1, 1], [2, -2]], ""player"": ""white"", ""score"": 0.0}, {""move"": [[-2, 1], [1, 1]], ""player"": ""black"", ""score"": 0.0}, {""move"": [[-1, 0], [1, -2]], ""player"": ""white"", ""score"": 0.0}, {""move"": [[-1, -1], [-1, 2]], ""player"": ""black"", ""score"": 0.0}, {""move"": [[0, -1], [2, -1]], ""player"": ""white"", ""score"": 0.0}, {""move"": [[2, 0], [0, -2]], ""player"": ""black"", ""score"": 0.0}, {""move"": [[-2, 0], [-2, 2]], ""player"": ""white"", ""score"": 0.0}, {""move"": [[0, 2], [3, 0]], ""player"": ""black"", ""score"": 0.0}]",U
O0015,3,9,4,"[[-2, 1], [-1, 0]]","[[0, -1], [1, -2]]",0.0,19927,1467,12093235,5503839380301244269598641,beam,screened_or_balanced,0,0,0,0,2.8,0.4,"[{""move"": [[0, -1], [1, -2]], ""player"": ""black"", ""score"": 0.0}, {""move"": [[0, 1], [0, -2]], ""player"": ""white"", ""score"": 0.0}, {""move"": [[-1, 1], [1, 1]], ""player"": ""black"", ""score"": 0.0}, {""move"": [[1, 0], [1, -1]], ""player"": ""white"", ""score"": 0.0}, {""move"": [[2, -1], [-1, 2]], ""player"": ""black"", ""score"": 0.0}, {""move"": [[2, 0], [2, -2]], ""player"": ""white"", ""score"": 0.0}, {""move"": [[-1, -1], [-2, 0]], ""player"": ""black"", ""score"": 0.0}, {""move"": [[-2, 2], [0, 2]], ""player"": ""white"", ""score"": 0.0}, {""move"": [[3, 0], [3, -1]], ""player"": ""black"", ""score"": 0.0}]",U
O0016,3,9,4,"[[-2, 1], [0, -1]]","[[-1, 0], [1, -2]]",0.0,26527,3912,12093235,5503839380301244269598641,beam,screened_or_balanced,0,0,0,0,2.8,0.4,"[{""move"": [[-1, 0], [1, -2]], ""player"": ""black"", ""score"": 0.0}, {""move"": [[1, 0], [2, 0]], ""player"": ""white"", ""score"": 0.0}, {""move"": [[1, -1], [-1, 1]], ""player"": ""black"", ""score"": 0.0}, {""move"": [[2, -2], [-2, 2]], ""player"": ""white"", ""score"": 0.0}, {""move"": [[-1, -1], [-1, 2]], ""player"": ""black"", ""score"": 0.0}, {""move"": [[0, 1], [-1, -2]], ""player"": ""white"", ""score"": 0.0}, {""move"": [[2, -1], [0, -2]], ""player"": ""black"", ""score"": 0.0}, {""move"": [[-2, 0], [0, 2]], ""player"": ""white"", ""score"": 0.0}, {""move"": [[1, 1], [3, 0]], ""player"": ""black"", ""score"": 0.0}]",U
O0005,3,9,4,"[[-2, 0], [-2, 2]]","[[0, -1], [0, 1]]",0.0,11218,1341,12093235,5503839380301244269598641,beam,black_bulk_edge,0,0,0,0,6.8,0.0,"[{""move"": [[0, -1], [0, 1]], ""player"": ""black"", ""score"": 0.0}, {""move"": [[0, -2], [0, 2]], ""player"": ""white"", ""score"": 0.0}, {""move"": [[1, 0], [1, -1]], ""player"": ""black"", ""score"": 0.0}, {""move"": [[2, -1], [1, -2]], ""player"": ""white"", ""score"": 0.0}, {""move"": [[-1, 1], [-2, 1]], ""player"": ""black"", ""score"": 0.0}, {""move"": [[-1, 0], [1, 1]], ""player"": ""white"", ""score"": 0.0}, {""move"": [[2, 0], [2, -2]], ""player"": ""black"", ""score"": 0.0}, {""move"": [[-1, -1], [-1, 2]], ""player"": ""white"", ""score"": 0.0}, {""move"": [[3, 0], [3, -1]], ""player"": ""black"", ""score"": 0.0}]",U
O0010,3,9,4,"[[-2, 0], [0, 2]]","[[1, -1], [-1, 1]]",0.0,12403,1625,12093235,5503839380301244269598641,beam,black_bulk_edge,0,0,0,0,6.8,0.0,"[{""move"": [[1, -1], [-1, 1]], ""player"": ""black"", ""score"": 0.0}, {""move"": [[2, -2], [-2, 2]], ""player"": ""white"", ""score"": 0.0}, {""move"": [[1, 0], [0, -1]], ""player"": ""black"", ""score"": 0.0}, {""move"": [[2, -1], [1, -2]], ""player"": ""white"", ""score"": 0.0}, {""move"": [[-1, 0], [0, 1]], ""player"": ""black"", ""score"": 0.0}, {""move"": [[-1, -1], [-2, 1]], ""player"": ""white"", ""score"": 0.0}, {""move"": [[2, 0], [0, -2]], ""player"": ""black"", ""score"": 0.0}, {""move"": [[-1, 2], [1, 1]], ""player"": ""white"", ""score"": 0.0}, {""move"": [[3, 0], [3, -1]], ""player"": ""black"", ""score"": 0.0}]",U
O0007,3,9,4,"[[-2, 0], [-1, 1]]","[[0, -1], [0, 1]]",0.0,19799,2512,12093235,5503839380301244269598641,beam,black_bulk_edge,0,0,0,0,6.6,0.2,"[{""move"": [[0, -1], [0, 1]], ""player"": ""black"", ""score"": 0.0}, {""move"": [[0, -2], [0, 2]], ""player"": ""white"", ""score"": 0.0}, {""move"": [[-1, 0], [2, -1]], ""player"": ""black"", ""score"": 0.0}, {""move"": [[1, 0], [1, -1]], ""player"": ""white"", ""score"": 0.0}, {""move"": [[1, -2], [1, 1]], ""player"": ""black"", ""score"": 0.0}, {""move"": [[2, 0], [-2, 1]], ""player"": ""white"", ""score"": 0.0}, {""move"": [[2, -2], [-1, -1]], ""player"": ""black"", ""score"": 0.0}, {""move"": [[-2, 2], [-1, 2]], ""player"": ""white"", ""score"": 0.0}, {""move"": [[3, 0], [3, -1]], ""player"": ""black"", ""score"": 0.0}]",U
O0009,3,9,4,"[[-2, 0], [0, 1]]","[[1, -1], [-1, 1]]",0.0,18000,1316,12093235,5503839380301244269598641,beam,black_bulk_edge,0,0,0,0,6.6,0.2,"[{""move"": [[1, -1], [-1, 1]], ""player"": ""black"", ""score"": 0.0}, {""move"": [[2, -2], [-2, 2]], ""player"": ""white"", ""score"": 0.0}, {""move"": [[1, 0], [2, -1]], ""player"": ""black"", ""score"": 0.0}, {""move"": [[0, -1], [1, -2]], ""player"": ""white"", ""score"": 0.0}, {""move"": [[-1, 0], [-2, 1]], ""player"": ""black"", ""score"": 0.0}, {""move"": [[-1, -1], [-1, 2]], ""player"": ""white"", ""score"": 0.0}, {""move"": [[2, 0], [0, -2]], ""player"": ""black"", ""score"": 0.0}, {""move"": [[0, 2], [1, 1]], ""player"": ""white"", ""score"": 0.0}, {""move"": [[3, 0], [3, -1]], ""player"": ""black"", ""score"": 0.0}]",U
O0002,3,9,4,"[[-1, 0], [0, 1]]","[[1, -1], [-1, 1]]",0.0,8780,471,12093235,5503839380301244269598641,beam,black_bulk_edge,0,0,0,0,6.4,0.4,"[{""move"": [[1, -1], [-1, 1]], ""player"": ""black"", ""score"": 0.0}, {""move"": [[2, -2], [-2, 2]], ""player"": ""white"", ""score"": 0.0}, {""move"": [[1, 0], [0, -1]], ""player"": ""black"", ""score"": 0.0}, {""move"": [[2, -1], [1, -2]], ""player"": ""white"", ""score"": 0.0}, {""move"": [[2, 0], [0, -2]], ""player"": ""black"", ""score"": 0.0}, {""move"": [[-1, -1], [-2, 0]], ""player"": ""white"", ""score"": 0.0}, {""move"": [[-2, 1], [-1, 2]], ""player"": ""black"", ""score"": 0.0}, {""move"": [[0, 2], [1, 1]], ""player"": ""white"", ""score"": 0.0}, {""move"": [[3, 0], [3, -1]], ""player"": ""black"", ""score"": 0.0}]",U
O0001,3,9,4,"[[-1, 0], [-1, 1]]","[[-1, -1], [-1, 2]]",0.0,12736,1604,12093235,5503839380301244269598641,beam,screened_or_balanced,0,0,0,0,0.8,0.4,"[{""move"": [[-1, -1], [-1, 2]], ""player"": ""black"", ""score"": 0.0}, {""move"": [[0, -1], [0, 1]], ""player"": ""white"", ""score"": 0.0}, {""move"": [[1, -2], [-2, 1]], ""player"": ""black"", ""score"": 0.0}, {""move"": [[1, 0], [1, -1]], ""player"": ""white"", ""score"": 0.0}, {""move"": [[2, 0], [2, -1]], ""player"": ""black"", ""score"": 0.0}, {""move"": [[2, -2], [0, -2]], ""player"": ""white"", ""score"": 0.0}, {""move"": [[-2, 0], [-2, 2]], ""player"": ""black"", ""score"": 0.0}, {""move"": [[0, 2], [1, 1]], ""player"": ""white"", ""score"": 0.0}, {""move"": [[3, 0], [3, -1]], ""player"": ""black"", ""score"": 0.0}]",U
