run,radius,k,attack_min_weight,turn,black_stones,white_stones,black_obligations,white_obligations,black_tau,white_tau,black_components,white_components,black_support,white_support,black_sector_counts,white_sector_counts,white_added,black_added
r18_t90_k6_w1,18,6,1,0,1,2,0,0,0,0,0,0,0,0,"[0, 0, 0, 0, 0, 0]","[0, 0, 0, 0, 1, 1]","[[2, -1], [1, -2]]",[]
r18_t90_k6_w1,18,6,1,1,3,4,0,0,0,0,0,0,0,0,"[2, 0, 0, 0, 0, 0]","[0, 0, 1, 1, 1, 1]","[[-1, -1], [-2, 1]]","[[0, 2], [3, 0]]"
r18_t90_k6_w1,18,6,1,2,5,6,0,0,0,0,0,0,0,0,"[2, 1, 0, 1, 0, 0]","[0, 0, 1, 1, 3, 1]","[[2, -3], [1, -3]]","[[-3, 0], [-3, 3]]"
r18_t90_k6_w1,18,6,1,3,7,8,0,0,0,0,0,0,0,0,"[3, 1, 0, 2, 0, 0]","[0, 0, 1, 1, 4, 2]","[[4, -3], [2, -4]]","[[0, 3], [-4, 0]]"
r18_t90_k6_w1,18,6,1,4,9,10,0,0,0,0,0,0,0,0,"[3, 2, 0, 3, 0, 0]","[0, 0, 1, 1, 4, 4]","[[5, -1], [5, -4]]","[[-4, 4], [0, -5]]"
r18_t90_k6_w1,18,6,1,5,11,12,1,0,1,0,1,0,2,0,"[3, 2, 1, 4, 0, 0]","[1, 1, 1, 1, 4, 4]","[[-1, 5], [4, 1]]","[[-5, 0], [-5, 2]]"
r18_t90_k6_w1,18,6,1,6,13,14,1,0,1,0,1,0,2,0,"[3, 2, 1, 5, 1, 0]","[1, 1, 1, 1, 4, 6]","[[6, -1], [6, -2]]","[[3, -6], [0, -6]]"
r18_t90_k6_w1,18,6,1,7,15,16,3,4,2,2,1,2,4,6,"[3, 2, 2, 6, 1, 0]","[1, 1, 1, 1, 4, 8]","[[6, -4], [6, -5]]","[[-6, 0], [-6, 2]]"
r18_t90_k6_w1,18,6,1,8,17,18,3,4,2,2,1,2,4,6,"[4, 2, 3, 6, 1, 0]","[1, 3, 1, 1, 4, 8]","[[-2, 6], [-1, 6]]","[[-6, 3], [3, 3]]"
r18_t90_k6_w1,18,6,1,9,19,20,3,4,2,2,1,2,4,6,"[4, 2, 3, 7, 2, 0]","[1, 3, 1, 1, 4, 10]","[[7, -2], [7, -3]]","[[3, -7], [0, -7]]"
r18_t90_k6_w1,18,6,1,10,21,22,3,4,2,2,1,2,4,6,"[4, 2, 3, 9, 2, 0]","[1, 3, 2, 1, 4, 11]","[[7, -5], [-7, 5]]","[[-2, -5], [-5, -2]]"
r18_t90_k6_w1,18,6,1,11,23,24,3,4,2,2,1,2,4,6,"[6, 2, 3, 9, 2, 0]","[1, 4, 3, 1, 4, 11]","[[-7, 6], [-2, 7]]","[[3, 4], [8, 0]]"
r18_t90_k6_w1,18,6,1,12,25,26,6,4,3,2,2,2,8,6,"[6, 2, 3, 11, 2, 0]","[1, 4, 3, 1, 6, 11]","[[8, -8], [7, -8]]","[[0, -8], [-1, -7]]"
r18_t90_k6_w1,18,6,1,13,27,28,6,4,3,2,2,2,8,6,"[6, 2, 5, 11, 2, 0]","[1, 4, 3, 2, 7, 11]","[[6, -8], [-7, -1]]","[[-8, 1], [-8, 2]]"
r18_t90_k6_w1,18,6,1,14,29,30,9,4,3,2,2,2,11,6,"[6, 2, 7, 11, 2, 0]","[2, 5, 3, 2, 7, 11]","[[-7, 8], [1, 7]]","[[-8, 3], [-8, 4]]"
r18_t90_k6_w1,18,6,1,15,31,32,9,4,3,2,2,2,11,6,"[6, 2, 7, 11, 4, 0]","[3, 5, 3, 2, 7, 12]","[[2, 6], [9, -2]]","[[4, -9], [3, -9]]"
r18_t90_k6_w1,18,6,1,16,33,34,12,5,3,3,4,3,14,8,"[6, 2, 7, 12, 5, 0]","[3, 5, 3, 2, 7, 14]","[[9, -3], [9, -4]]","[[1, -9], [0, -9]]"
r18_t90_k6_w1,18,6,1,17,35,36,13,11,3,3,5,6,16,15,"[6, 2, 7, 14, 5, 0]","[3, 5, 3, 2, 7, 16]","[[9, -5], [9, -6]]","[[-1, -8], [-2, -7]]"
r18_t90_k6_w1,18,6,1,18,37,38,17,15,3,3,7,7,20,20,"[6, 2, 7, 16, 5, 0]","[3, 5, 3, 2, 7, 18]","[[9, -7], [9, -8]]","[[-3, -6], [-4, -5]]"
r18_t90_k6_w1,18,6,1,19,39,40,17,15,3,3,6,7,19,20,"[6, 2, 7, 18, 5, 0]","[3, 5, 5, 2, 7, 18]","[[-9, 7], [-9, 8]]","[[-5, -4], [-6, -3]]"
r18_t90_k6_w1,18,6,1,20,41,42,17,17,3,3,6,8,19,23,"[7, 2, 7, 19, 5, 0]","[3, 7, 5, 2, 7, 18]","[[-7, 9], [-6, 9]]","[[-9, 0], [0, 9]]"
r18_t90_k6_w1,18,6,1,21,43,44,17,17,3,3,6,8,19,23,"[7, 2, 7, 19, 7, 0]","[4, 7, 5, 2, 7, 19]","[[7, 2], [10, -1]]","[[5, -10], [4, -10]]"
r18_t90_k6_w1,18,6,1,22,45,46,25,18,3,3,6,8,27,24,"[7, 2, 7, 19, 9, 0]","[4, 7, 5, 2, 7, 21]","[[10, -3], [10, -4]]","[[3, -10], [2, -10]]"
r18_t90_k6_w1,18,6,1,23,47,48,26,26,3,3,9,9,29,31,"[7, 2, 7, 20, 10, 0]","[4, 7, 5, 2, 7, 23]","[[10, -5], [10, -6]]","[[1, -10], [0, -10]]"
r18_t90_k6_w1,18,6,1,24,49,50,27,29,3,3,9,13,29,35,"[7, 2, 7, 22, 10, 0]","[4, 7, 5, 2, 7, 25]","[[10, -7], [10, -8]]","[[-1, -9], [-2, -8]]"
r18_t90_k6_w1,18,6,1,25,51,52,33,29,3,3,11,13,35,35,"[7, 2, 7, 24, 10, 0]","[4, 7, 6, 2, 7, 26]","[[10, -9], [-10, 8]]","[[-3, -7], [-4, -6]]"
r18_t90_k6_w1,18,6,1,26,53,54,35,29,3,3,12,13,38,35,"[7, 2, 7, 26, 10, 0]","[4, 8, 7, 2, 7, 26]","[[-10, 9], [-10, 10]]","[[-5, -5], [-6, -4]]"
r18_t90_k6_w1,18,6,1,27,55,56,35,29,3,3,12,13,38,35,"[7, 2, 7, 28, 10, 0]","[4, 10, 7, 2, 7, 26]","[[-9, 10], [-8, 10]]","[[-8, -2], [-10, 0]]"
r18_t90_k6_w1,18,6,1,28,57,58,35,34,3,3,12,15,38,39,"[8, 2, 8, 28, 10, 0]","[4, 12, 7, 2, 7, 26]","[[-7, 10], [-6, 10]]","[[-10, 1], [0, 10]]"
r18_t90_k6_w1,18,6,1,29,59,60,36,34,3,3,12,15,39,39,"[8, 2, 8, 28, 12, 0]","[5, 12, 7, 2, 7, 27]","[[9, 1], [11, -1]]","[[5, -11], [4, -11]]"
r18_t90_k6_w1,18,6,1,30,61,62,41,35,3,3,12,15,41,40,"[8, 2, 8, 28, 14, 0]","[5, 12, 7, 2, 7, 29]","[[11, -2], [11, -4]]","[[3, -11], [2, -11]]"
r18_t90_k6_w1,18,6,1,31,63,64,42,40,3,3,15,15,43,42,"[8, 2, 8, 29, 15, 0]","[5, 12, 7, 2, 7, 31]","[[11, -5], [11, -6]]","[[1, -11], [0, -11]]"
r18_t90_k6_w1,18,6,1,32,65,66,48,41,3,3,13,15,47,42,"[8, 2, 8, 31, 15, 0]","[5, 12, 7, 2, 7, 33]","[[11, -7], [11, -8]]","[[-1, -10], [-2, -9]]"
r18_t90_k6_w1,18,6,1,33,67,68,56,42,3,3,16,16,54,43,"[8, 2, 8, 33, 15, 0]","[5, 12, 7, 2, 7, 35]","[[11, -9], [11, -10]]","[[-3, -8], [-4, -7]]"
r18_t90_k6_w1,18,6,1,34,69,70,60,45,3,3,16,17,57,47,"[8, 2, 8, 35, 15, 0]","[5, 12, 8, 2, 8, 35]","[[11, -11], [-11, 9]]","[[-5, -6], [-6, -5]]"
r18_t90_k6_w1,18,6,1,35,71,72,60,47,3,3,16,18,57,50,"[8, 2, 8, 37, 15, 0]","[5, 13, 9, 2, 8, 35]","[[-11, 10], [-11, 11]]","[[-8, -3], [-9, -2]]"
r18_t90_k6_w1,18,6,1,36,73,74,60,52,3,3,16,19,57,56,"[8, 2, 9, 38, 15, 0]","[5, 15, 9, 2, 8, 35]","[[-10, 11], [-9, 11]]","[[-11, 0], [-11, 1]]"
r18_t90_k6_w1,18,6,1,37,75,76,60,57,3,3,16,20,57,60,"[9, 2, 10, 38, 15, 0]","[5, 17, 9, 2, 8, 35]","[[-8, 11], [-7, 11]]","[[-11, 2], [0, 11]]"
r18_t90_k6_w1,18,6,1,38,77,78,61,57,3,3,15,20,57,60,"[10, 2, 10, 38, 16, 0]","[6, 18, 9, 2, 8, 35]","[[-6, 11], [6, 5]]","[[12, 0], [5, -12]]"
r18_t90_k6_w1,18,6,1,39,79,80,65,57,3,3,15,20,61,60,"[10, 2, 10, 38, 18, 0]","[8, 18, 9, 2, 8, 35]","[[9, 2], [10, 1]]","[[4, -12], [3, -12]]"
r18_t90_k6_w1,18,6,1,40,81,82,71,67,3,3,13,17,63,67,"[10, 2, 10, 38, 20, 0]","[8, 18, 9, 2, 8, 37]","[[12, -6], [12, -7]]","[[2, -12], [1, -12]]"
r18_t90_k6_w1,18,6,1,41,83,84,72,74,3,3,16,15,65,72,"[10, 2, 10, 40, 20, 0]","[8, 18, 9, 2, 8, 39]","[[12, -8], [12, -9]]","[[0, -12], [-1, -11]]"
r18_t90_k6_w1,18,6,1,42,85,86,79,78,3,3,14,17,67,76,"[10, 2, 10, 42, 20, 0]","[8, 18, 9, 2, 8, 41]","[[12, -10], [12, -11]]","[[-2, -10], [-3, -9]]"
r18_t90_k6_w1,18,6,1,43,87,88,86,78,3,3,14,17,70,76,"[10, 2, 10, 44, 20, 0]","[8, 18, 9, 2, 10, 41]","[[12, -12], [11, -12]]","[[-4, -8], [-5, -7]]"
r18_t90_k6_w1,18,6,1,44,89,90,90,80,3,3,12,17,72,77,"[10, 2, 10, 46, 20, 0]","[8, 18, 11, 2, 10, 41]","[[-12, 9], [-12, 10]]","[[-6, -6], [-8, -4]]"
r18_t90_k6_w1,18,6,1,45,91,92,91,85,3,3,11,19,72,83,"[10, 2, 10, 48, 20, 0]","[8, 19, 12, 2, 10, 41]","[[-12, 11], [-12, 12]]","[[-9, -3], [-10, -2]]"
r18_t90_k6_w1,18,6,1,46,93,94,97,94,3,3,11,19,78,90,"[10, 2, 11, 49, 20, 0]","[8, 21, 12, 2, 10, 41]","[[-11, 12], [-10, 12]]","[[-12, 0], [-12, 1]]"
r18_t90_k6_w1,18,6,1,47,95,96,103,102,3,3,12,17,85,93,"[10, 2, 13, 49, 20, 0]","[8, 23, 12, 2, 10, 41]","[[-9, 12], [-8, 12]]","[[-12, 2], [-12, 3]]"
r18_t90_k6_w1,18,6,1,48,97,98,106,105,3,3,13,19,89,96,"[12, 2, 13, 49, 20, 0]","[8, 25, 12, 2, 10, 41]","[[-7, 12], [-6, 12]]","[[0, 12], [3, 9]]"
r18_t90_k6_w1,18,6,1,49,99,100,106,105,3,3,13,19,89,96,"[14, 2, 13, 49, 20, 0]","[8, 25, 12, 2, 10, 43]","[[13, -2], [13, -3]]","[[4, 8], [8, 4]]"
r18_t90_k6_w1,18,6,1,50,101,102,110,111,3,3,14,19,92,100,"[14, 2, 13, 49, 22, 0]","[8, 25, 12, 2, 10, 45]","[[13, -4], [13, -6]]","[[5, -13], [4, -13]]"
r18_t90_k6_w1,18,6,1,51,103,104,114,113,3,3,13,24,94,102,"[14, 2, 13, 49, 24, 0]","[8, 25, 12, 2, 10, 47]","[[13, -7], [13, -8]]","[[3, -13], [2, -13]]"
r18_t90_k6_w1,18,6,1,52,105,106,115,117,3,3,16,25,95,103,"[14, 2, 13, 50, 25, 0]","[8, 25, 12, 2, 10, 49]","[[13, -9], [13, -10]]","[[1, -13], [0, -13]]"
r18_t90_k6_w1,18,6,1,53,107,108,114,117,3,3,17,28,96,105,"[14, 2, 13, 52, 25, 0]","[8, 25, 12, 2, 10, 51]","[[13, -11], [13, -12]]","[[-1, -12], [-2, -11]]"
r18_t90_k6_w1,18,6,1,54,109,110,116,118,3,3,18,27,96,105,"[14, 2, 13, 54, 25, 0]","[8, 25, 12, 2, 12, 51]","[[13, -13], [12, -13]]","[[-3, -10], [-4, -9]]"
r18_t90_k6_w1,18,6,1,55,111,112,116,118,3,3,20,27,97,105,"[14, 2, 13, 56, 25, 0]","[8, 25, 13, 2, 13, 51]","[[11, -13], [-13, 5]]","[[-5, -8], [-6, -7]]"
r18_t90_k6_w1,18,6,1,56,113,114,123,118,3,3,16,29,99,106,"[14, 2, 13, 58, 25, 0]","[8, 25, 15, 2, 13, 51]","[[-13, 10], [-13, 11]]","[[-8, -5], [-9, -4]]"
r18_t90_k6_w1,18,6,1,57,115,116,132,123,3,3,14,32,102,114,"[14, 2, 13, 60, 25, 0]","[8, 26, 16, 2, 13, 51]","[[-13, 12], [-13, 13]]","[[-10, -3], [-11, -2]]"
r18_t90_k6_w1,18,6,1,58,117,118,132,127,3,3,14,34,102,115,"[14, 4, 13, 60, 25, 0]","[8, 28, 16, 2, 13, 51]","[[-12, 13], [-11, 13]]","[[-5, 13], [-4, 13]]"
r18_t90_k6_w1,18,6,1,59,119,120,135,127,3,3,14,34,105,115,"[14, 6, 13, 60, 25, 0]","[10, 28, 16, 2, 13, 51]","[[6, 7], [7, 6]]","[[-3, 13], [-2, 13]]"
r18_t90_k6_w1,18,6,1,60,121,122,138,128,3,3,18,35,108,117,"[15, 7, 13, 60, 25, 0]","[12, 28, 16, 2, 13, 51]","[[10, 3], [11, 2]]","[[-1, 13], [0, 13]]"
r18_t90_k6_w1,18,6,1,61,123,124,139,130,3,3,17,35,108,119,"[15, 7, 13, 60, 27, 0]","[12, 28, 16, 2, 13, 53]","[[14, -1], [14, -3]]","[[9, -14], [8, -14]]"
r18_t90_k6_w1,18,6,1,62,125,126,144,137,3,3,16,32,111,122,"[15, 7, 13, 60, 29, 0]","[12, 28, 16, 2, 13, 55]","[[14, -4], [14, -5]]","[[7, -14], [6, -14]]"
r18_t90_k6_w1,18,6,1,63,127,128,145,138,3,3,19,33,113,122,"[15, 7, 13, 60, 31, 0]","[12, 28, 16, 2, 13, 57]","[[14, -6], [14, -7]]","[[5, -14], [4, -14]]"
r18_t90_k6_w1,18,6,1,64,129,130,144,138,3,3,19,35,113,124,"[15, 7, 13, 60, 33, 0]","[12, 28, 16, 2, 13, 59]","[[14, -8], [14, -9]]","[[3, -14], [2, -14]]"
r18_t90_k6_w1,18,6,1,65,131,132,145,144,3,3,20,32,114,125,"[15, 7, 13, 61, 34, 0]","[12, 28, 16, 2, 13, 61]","[[14, -10], [14, -11]]","[[1, -14], [0, -14]]"
r18_t90_k6_w1,18,6,1,66,133,134,145,151,3,3,21,32,115,131,"[15, 7, 13, 63, 34, 0]","[12, 28, 16, 2, 13, 63]","[[14, -12], [14, -13]]","[[-1, -13], [-2, -12]]"
r18_t90_k6_w1,18,6,1,67,135,136,147,151,3,3,20,32,115,131,"[15, 7, 13, 65, 34, 0]","[12, 28, 17, 3, 13, 63]","[[-13, -1], [-14, 6]]","[[-3, -11], [-4, -10]]"
r18_t90_k6_w1,18,6,1,68,137,138,147,151,3,3,20,32,115,131,"[15, 7, 13, 67, 34, 0]","[12, 28, 19, 3, 13, 63]","[[-14, 7], [-14, 8]]","[[-5, -9], [-6, -8]]"
r18_t90_k6_w1,18,6,1,69,139,140,148,156,3,3,20,32,115,134,"[15, 8, 13, 68, 34, 0]","[12, 28, 21, 3, 13, 63]","[[-14, 9], [-14, 10]]","[[-7, -7], [-5, 14]]"
r18_t90_k6_w1,18,6,1,70,141,142,148,157,3,3,20,33,115,135,"[15, 10, 13, 68, 34, 0]","[12, 28, 23, 3, 13, 63]","[[-14, 11], [-14, 12]]","[[-4, 14], [-3, 14]]"
r18_t90_k6_w1,18,6,1,71,143,144,151,161,3,3,21,33,118,137,"[15, 12, 13, 68, 34, 0]","[12, 29, 24, 3, 13, 63]","[[-14, 13], [-14, 14]]","[[-2, 14], [-1, 14]]"
r18_t90_k6_w1,18,6,1,72,145,146,152,161,3,3,22,35,119,138,"[17, 12, 13, 68, 34, 0]","[12, 31, 24, 3, 13, 63]","[[-13, 14], [-12, 14]]","[[0, 14], [1, 13]]"
r18_t90_k6_w1,18,6,1,73,147,148,152,164,3,3,22,34,119,139,"[18, 12, 13, 68, 35, 0]","[13, 32, 24, 3, 13, 63]","[[-11, 14], [7, 7]]","[[15, 0], [10, -15]]"
r18_t90_k6_w1,18,6,1,74,149,150,152,165,3,3,22,34,119,140,"[18, 12, 13, 68, 37, 0]","[15, 32, 24, 3, 13, 63]","[[9, 5], [11, 3]]","[[9, -15], [8, -15]]"
r18_t90_k6_w1,18,6,1,75,151,152,155,167,3,3,23,34,121,141,"[18, 12, 13, 68, 39, 0]","[16, 32, 24, 3, 13, 64]","[[13, 1], [15, -6]]","[[7, -15], [6, -15]]"
r18_t90_k6_w1,18,6,1,76,153,154,156,167,3,3,25,34,123,141,"[18, 12, 13, 68, 41, 0]","[16, 32, 24, 3, 13, 66]","[[15, -7], [15, -8]]","[[5, -15], [4, -15]]"
r18_t90_k6_w1,18,6,1,77,155,156,156,170,3,3,24,36,123,144,"[18, 12, 13, 68, 43, 0]","[16, 32, 24, 3, 13, 68]","[[15, -9], [15, -10]]","[[3, -15], [2, -15]]"
r18_t90_k6_w1,18,6,1,78,157,158,157,170,3,3,25,37,124,144,"[18, 12, 13, 69, 44, 0]","[16, 32, 24, 3, 13, 70]","[[15, -11], [15, -12]]","[[1, -15], [0, -15]]"
r18_t90_k6_w1,18,6,1,79,159,160,157,171,3,3,26,40,125,146,"[18, 12, 13, 71, 44, 0]","[16, 32, 24, 3, 13, 72]","[[15, -13], [15, -14]]","[[-1, -14], [-2, -13]]"
r18_t90_k6_w1,18,6,1,80,161,162,159,171,3,3,25,40,125,146,"[18, 12, 13, 73, 44, 0]","[16, 32, 25, 4, 13, 72]","[[-14, -1], [-15, 7]]","[[-3, -12], [-4, -11]]"
r18_t90_k6_w1,18,6,1,81,163,164,159,171,3,3,24,40,125,146,"[18, 12, 13, 75, 44, 0]","[16, 32, 27, 4, 13, 72]","[[-15, 8], [-15, 9]]","[[-5, -10], [-6, -9]]"
r18_t90_k6_w1,18,6,1,82,165,166,160,174,3,3,26,40,127,148,"[18, 12, 13, 77, 44, 0]","[16, 32, 29, 4, 13, 72]","[[-15, 10], [-15, 11]]","[[-7, -8], [-8, -7]]"
r18_t90_k6_w1,18,6,1,83,167,168,163,177,3,3,28,39,132,150,"[18, 14, 13, 77, 44, 0]","[16, 32, 31, 4, 13, 72]","[[-15, 12], [-15, 13]]","[[-5, 15], [-4, 15]]"
r18_t90_k6_w1,18,6,1,84,169,170,168,178,3,3,28,41,137,151,"[18, 16, 13, 77, 44, 0]","[16, 33, 32, 4, 13, 72]","[[-15, 14], [-15, 15]]","[[-3, 15], [-2, 15]]"
r18_t90_k6_w1,18,6,1,85,171,172,169,178,3,3,30,42,138,152,"[19, 17, 13, 77, 44, 0]","[16, 35, 32, 4, 13, 72]","[[-14, 15], [-13, 15]]","[[-1, 15], [0, 15]]"
r18_t90_k6_w1,18,6,1,86,173,174,169,182,3,3,30,42,138,154,"[21, 17, 13, 77, 44, 0]","[16, 37, 32, 4, 13, 72]","[[-12, 15], [-11, 15]]","[[1, 14], [2, 13]]"
r18_t90_k6_w1,18,6,1,87,175,176,172,183,3,3,31,42,142,155,"[22, 17, 13, 77, 45, 0]","[17, 37, 32, 4, 13, 73]","[[9, 6], [16, -2]]","[[3, 12], [10, -16]]"
r18_t90_k6_w1,18,6,1,88,177,178,172,183,3,3,31,42,142,155,"[22, 17, 13, 77, 47, 0]","[17, 37, 32, 4, 13, 75]","[[16, -3], [16, -5]]","[[9, -16], [8, -16]]"
r18_t90_k6_w1,18,6,1,89,179,180,175,188,3,3,32,41,144,158,"[22, 17, 13, 77, 49, 0]","[17, 37, 32, 4, 13, 77]","[[16, -6], [16, -7]]","[[7, -16], [6, -16]]"
r18_t90_k6_w2,18,6,2,0,1,2,0,0,0,0,0,0,0,0,"[0, 0, 0, 0, 0, 0]","[0, 0, 0, 0, 1, 1]","[[2, -1], [1, -2]]",[]
r18_t90_k6_w2,18,6,2,1,3,4,0,0,0,0,0,0,0,0,"[2, 0, 0, 0, 0, 0]","[0, 0, 1, 1, 1, 1]","[[-1, -1], [-2, 1]]","[[0, 2], [3, 0]]"
r18_t90_k6_w2,18,6,2,2,5,6,0,0,0,0,0,0,0,0,"[2, 1, 0, 1, 0, 0]","[0, 0, 1, 1, 3, 1]","[[2, -3], [1, -3]]","[[-3, 0], [-3, 3]]"
r18_t90_k6_w2,18,6,2,3,7,8,0,0,0,0,0,0,0,0,"[3, 1, 0, 2, 0, 0]","[0, 0, 1, 1, 4, 2]","[[4, -3], [2, -4]]","[[0, 3], [-4, 0]]"
r18_t90_k6_w2,18,6,2,4,9,10,0,2,0,1,0,1,0,3,"[3, 3, 0, 2, 0, 0]","[0, 0, 1, 1, 4, 4]","[[5, -1], [5, -3]]","[[-4, 4], [-3, 4]]"
r18_t90_k6_w2,18,6,2,5,11,12,4,4,2,2,2,2,6,6,"[4, 4, 0, 2, 0, 0]","[0, 0, 1, 1, 5, 5]","[[5, -4], [5, -5]]","[[-1, 4], [0, 4]]"
r18_t90_k6_w2,18,6,2,6,13,14,5,6,3,3,3,3,8,9,"[4, 4, 1, 3, 0, 0]","[0, 0, 1, 1, 7, 5]","[[4, -5], [3, -5]]","[[-5, 0], [-5, 2]]"
r18_t90_k6_w2,18,6,2,7,15,16,6,12,3,3,4,6,10,16,"[4, 6, 1, 3, 0, 0]","[0, 0, 1, 1, 9, 5]","[[2, -5], [1, -5]]","[[-5, 5], [-4, 5]]"
r18_t90_k6_w2,18,6,2,8,17,18,9,12,3,3,5,6,14,16,"[4, 8, 1, 3, 0, 0]","[1, 0, 1, 2, 9, 5]","[[0, -5], [4, 1]]","[[-3, 5], [-1, 5]]"
r18_t90_k6_w2,18,6,2,9,19,20,11,12,3,3,5,6,16,16,"[4, 8, 1, 5, 0, 0]","[1, 0, 1, 2, 9, 7]","[[6, -1], [6, -2]]","[[-4, -2], [-6, 0]]"
r18_t90_k6_w2,18,6,2,10,21,22,11,16,3,3,5,7,16,21,"[4, 8, 3, 5, 0, 0]","[1, 0, 1, 2, 9, 9]","[[6, -4], [6, -5]]","[[-6, 2], [-6, 3]]"
r18_t90_k6_w2,18,6,2,11,23,24,16,21,3,3,5,7,21,24,"[4, 9, 4, 5, 0, 0]","[1, 0, 1, 2, 11, 9]","[[6, -6], [5, -6]]","[[-6, 4], [-6, 6]]"
r18_t90_k6_w2,18,6,2,12,25,26,16,26,3,3,5,5,21,26,"[4, 11, 4, 5, 0, 0]","[1, 0, 1, 2, 13, 9]","[[4, -6], [3, -6]]","[[-5, 6], [-4, 6]]"
r18_t90_k6_w2,18,6,2,13,27,28,22,31,3,3,7,8,27,31,"[4, 13, 4, 5, 0, 0]","[1, 0, 1, 2, 15, 9]","[[2, -6], [1, -6]]","[[-3, 6], [-2, 6]]"
r18_t90_k6_w2,18,6,2,14,29,30,23,32,3,3,7,9,28,33,"[5, 14, 4, 5, 0, 0]","[2, 0, 1, 2, 15, 10]","[[5, 1], [7, -1]]","[[-1, 6], [0, 6]]"
r18_t90_k6_w2,18,6,2,15,31,32,23,32,3,3,7,9,28,33,"[5, 14, 4, 7, 0, 0]","[2, 0, 1, 2, 15, 12]","[[7, -2], [7, -3]]","[[-3, -4], [-4, -3]]"
r18_t90_k6_w2,18,6,2,16,33,34,27,37,3,3,7,11,31,38,"[5, 14, 4, 9, 0, 0]","[2, 0, 1, 2, 15, 14]","[[7, -5], [7, -6]]","[[-5, -2], [-6, -1]]"
r18_t90_k6_w2,18,6,2,17,35,36,29,39,3,3,10,10,32,38,"[5, 14, 5, 10, 0, 0]","[2, 0, 1, 2, 17, 14]","[[7, -7], [6, -7]]","[[-7, 0], [-7, 1]]"
r18_t90_k6_w2,18,6,2,18,37,38,32,44,3,3,11,13,36,44,"[5, 14, 7, 10, 0, 0]","[2, 0, 1, 2, 19, 14]","[[5, -7], [4, -7]]","[[-7, 2], [-7, 3]]"
r18_t90_k6_w2,18,6,2,19,39,40,36,45,3,3,10,15,38,44,"[5, 14, 9, 10, 0, 0]","[2, 0, 1, 2, 21, 14]","[[3, -7], [2, -7]]","[[-7, 4], [-7, 5]]"
r18_t90_k6_w2,18,6,2,20,41,42,38,46,3,3,13,16,40,45,"[5, 15, 10, 10, 0, 0]","[3, 0, 1, 2, 22, 14]","[[1, -7], [5, 2]]","[[-7, 6], [-7, 7]]"
r18_t90_k6_w2,18,6,2,21,43,44,44,46,3,3,13,16,45,45,"[5, 17, 10, 10, 0, 0]","[5, 0, 1, 2, 22, 14]","[[6, 1], [8, 0]]","[[-6, 7], [-5, 7]]"
r18_t90_k6_w2,18,6,2,22,45,46,57,48,3,3,17,16,58,47,"[5, 19, 10, 10, 0, 0]","[5, 0, 1, 2, 22, 16]","[[8, -1], [8, -2]]","[[-4, 7], [-3, 7]]"
r18_t90_k6_w2,18,6,2,23,47,48,60,57,3,3,15,16,59,55,"[5, 21, 10, 10, 0, 0]","[5, 0, 1, 2, 22, 18]","[[8, -3], [8, -4]]","[[-2, 7], [-1, 7]]"
r18_t90_k6_w2,18,6,2,24,49,50,63,60,3,3,16,14,62,56,"[6, 21, 10, 11, 0, 0]","[5, 0, 1, 2, 22, 20]","[[8, -5], [8, -6]]","[[0, 7], [-4, -4]]"
r18_t90_k6_w2,18,6,2,25,51,52,64,64,3,3,17,16,64,60,"[6, 21, 10, 13, 0, 0]","[5, 0, 1, 2, 23, 21]","[[8, -7], [8, -8]]","[[-5, -3], [-6, -2]]"
r18_t90_k6_w2,18,6,2,26,53,54,68,66,3,3,19,16,68,61,"[6, 21, 10, 15, 0, 0]","[5, 0, 1, 2, 25, 21]","[[7, -8], [6, -8]]","[[-7, -1], [-8, 0]]"
r18_t90_k6_w2,18,6,2,27,55,56,73,77,3,3,16,11,70,65,"[6, 21, 12, 15, 0, 0]","[5, 0, 1, 2, 27, 21]","[[5, -8], [4, -8]]","[[-8, 1], [-8, 2]]"
r18_t90_k6_w2,18,6,2,28,57,58,81,83,3,3,15,11,74,69,"[6, 21, 14, 15, 0, 0]","[5, 0, 1, 2, 29, 21]","[[3, -8], [2, -8]]","[[-8, 3], [-8, 4]]"
r18_t90_k6_w2,18,6,2,29,59,60,82,85,3,3,14,11,74,71,"[6, 21, 16, 15, 0, 0]","[7, 0, 1, 2, 29, 21]","[[5, 3], [6, 2]]","[[-8, 5], [-8, 6]]"
r18_t90_k6_w2,18,6,2,30,61,62,83,92,3,3,14,10,74,77,"[6, 22, 17, 15, 0, 0]","[9, 0, 1, 2, 29, 21]","[[7, 1], [9, 0]]","[[-8, 7], [-8, 8]]"
r18_t90_k6_w2,18,6,2,31,63,64,85,99,3,3,14,11,75,81,"[6, 24, 17, 15, 0, 0]","[9, 0, 1, 2, 29, 23]","[[9, -1], [9, -2]]","[[-7, 8], [-6, 8]]"
r18_t90_k6_w2,18,6,2,32,65,66,93,108,3,3,17,10,79,83,"[6, 26, 17, 15, 0, 0]","[9, 0, 1, 2, 29, 25]","[[9, -3], [9, -4]]","[[-5, 8], [-4, 8]]"
r18_t90_k6_w2,18,6,2,33,67,68,94,108,3,3,16,11,78,83,"[6, 28, 17, 15, 0, 0]","[9, 0, 1, 2, 29, 27]","[[9, -5], [9, -6]]","[[-3, 8], [-2, 8]]"
r18_t90_k6_w2,18,6,2,34,69,70,95,110,3,3,19,13,80,84,"[7, 29, 17, 15, 0, 0]","[9, 0, 1, 2, 29, 29]","[[9, -7], [9, -8]]","[[-1, 8], [0, 8]]"
r18_t90_k6_w2,18,6,2,35,71,72,97,109,3,3,19,15,82,86,"[7, 29, 17, 17, 0, 0]","[9, 0, 1, 2, 31, 29]","[[9, -9], [8, -9]]","[[-5, -4], [-6, -3]]"
r18_t90_k6_w2,18,6,2,36,73,74,103,110,3,3,18,13,87,86,"[7, 29, 17, 19, 0, 0]","[9, 0, 1, 2, 33, 29]","[[7, -9], [6, -9]]","[[-7, -2], [-8, -1]]"
r18_t90_k6_w2,18,6,2,37,75,76,104,110,3,3,20,16,88,86,"[7, 29, 18, 20, 0, 0]","[9, 0, 1, 2, 35, 29]","[[5, -9], [4, -9]]","[[-9, 0], [-9, 1]]"
r18_t90_k6_w2,18,6,2,38,77,78,111,110,3,3,17,19,90,88,"[7, 29, 20, 20, 0, 0]","[9, 0, 1, 2, 37, 29]","[[3, -9], [2, -9]]","[[-9, 2], [-9, 3]]"
r18_t90_k6_w2,18,6,2,39,79,80,116,111,3,3,17,19,90,89,"[7, 29, 22, 20, 0, 0]","[9, 0, 1, 3, 38, 29]","[[1, -9], [0, -9]]","[[-9, 4], [-9, 5]]"
r18_t90_k6_w2,18,6,2,40,81,82,118,112,3,3,16,19,91,90,"[7, 29, 24, 20, 0, 0]","[11, 0, 1, 3, 38, 29]","[[4, 5], [5, 4]]","[[-9, 6], [-9, 7]]"
r18_t90_k6_w2,18,6,2,41,83,84,119,117,3,3,17,18,91,92,"[7, 30, 25, 20, 0, 0]","[13, 0, 1, 3, 38, 29]","[[6, 3], [7, 2]]","[[-9, 8], [-9, 9]]"
r18_t90_k6_w2,18,6,2,42,85,86,119,117,3,3,19,21,92,93,"[7, 32, 25, 20, 0, 0]","[15, 0, 1, 3, 38, 29]","[[8, 1], [10, 0]]","[[-8, 9], [-7, 9]]"
r18_t90_k6_w2,18,6,2,43,87,88,124,117,3,3,17,24,93,95,"[7, 34, 25, 20, 0, 0]","[15, 0, 1, 3, 38, 31]","[[10, -1], [10, -2]]","[[-6, 9], [-5, 9]]"
r18_t90_k6_w2,18,6,2,44,89,90,131,122,3,3,15,22,96,96,"[7, 36, 25, 20, 0, 0]","[15, 0, 1, 3, 38, 33]","[[10, -3], [10, -4]]","[[-4, 9], [-3, 9]]"
r18_t90_k6_w2,18,6,2,45,91,92,134,122,3,3,15,22,98,97,"[7, 38, 25, 20, 0, 0]","[15, 0, 1, 3, 38, 35]","[[10, -5], [10, -6]]","[[-2, 9], [-1, 9]]"
r18_t90_k6_w2,18,6,2,46,93,94,136,122,3,3,15,21,100,96,"[7, 38, 25, 22, 0, 0]","[15, 0, 1, 3, 38, 37]","[[10, -7], [10, -8]]","[[-4, -6], [-5, -5]]"
r18_t90_k6_w2,18,6,2,47,95,96,145,123,3,3,15,23,107,98,"[7, 38, 25, 24, 0, 0]","[15, 0, 1, 3, 39, 38]","[[10, -9], [10, -10]]","[[-6, -4], [-7, -3]]"
r18_t90_k6_w2,18,6,2,48,97,98,148,123,3,3,16,24,109,99,"[7, 38, 25, 26, 0, 0]","[15, 0, 1, 3, 41, 38]","[[9, -10], [8, -10]]","[[-8, -2], [-9, -1]]"
r18_t90_k6_w2,18,6,2,49,99,100,152,125,3,3,16,22,111,99,"[7, 38, 26, 27, 0, 0]","[15, 0, 1, 3, 43, 38]","[[7, -10], [6, -10]]","[[-10, 0], [-10, 1]]"
r18_t90_k6_w2,18,6,2,50,101,102,155,128,3,3,16,19,111,99,"[7, 38, 28, 27, 0, 0]","[15, 0, 1, 3, 45, 38]","[[5, -10], [4, -10]]","[[-10, 2], [-10, 3]]"
r18_t90_k6_w2,18,6,2,51,103,104,156,129,3,3,16,20,111,100,"[7, 38, 30, 27, 0, 0]","[15, 0, 1, 3, 47, 38]","[[3, -10], [2, -10]]","[[-10, 4], [-10, 5]]"
r18_t90_k6_w2,18,6,2,52,105,106,156,129,3,3,16,22,111,101,"[7, 38, 32, 27, 0, 0]","[16, 0, 1, 3, 48, 38]","[[1, -10], [5, 5]]","[[-10, 6], [-10, 7]]"
r18_t90_k6_w2,18,6,2,53,107,108,157,131,3,3,15,21,112,102,"[7, 38, 34, 27, 0, 0]","[18, 0, 1, 3, 48, 38]","[[6, 4], [7, 3]]","[[-10, 8], [-10, 9]]"
r18_t90_k6_w2,18,6,2,54,109,110,158,136,3,3,17,21,114,105,"[7, 40, 34, 27, 0, 0]","[20, 0, 1, 3, 48, 38]","[[8, 2], [9, 1]]","[[-10, 10], [-9, 10]]"
r18_t90_k6_w2,18,6,2,55,111,112,160,140,3,3,17,22,114,108,"[7, 42, 34, 27, 0, 0]","[21, 0, 1, 3, 48, 39]","[[11, 0], [11, -1]]","[[-8, 10], [-7, 10]]"
r18_t90_k6_w2,18,6,2,56,113,114,158,142,3,3,17,24,114,110,"[7, 44, 34, 27, 0, 0]","[21, 0, 1, 3, 48, 41]","[[11, -2], [11, -3]]","[[-6, 10], [-5, 10]]"
r18_t90_k6_w2,18,6,2,57,115,116,162,144,3,3,16,23,115,110,"[7, 46, 34, 27, 0, 0]","[21, 0, 1, 3, 48, 43]","[[11, -4], [11, -5]]","[[-4, 10], [-3, 10]]"
r18_t90_k6_w2,18,6,2,58,117,118,162,144,3,3,19,22,117,110,"[7, 48, 34, 27, 0, 0]","[21, 0, 1, 3, 48, 45]","[[11, -6], [11, -7]]","[[-2, 10], [-1, 10]]"
r18_t90_k6_w2,18,6,2,59,119,120,163,147,3,3,19,21,118,110,"[8, 48, 34, 28, 0, 0]","[21, 0, 1, 3, 48, 47]","[[11, -8], [11, -9]]","[[0, 10], [-3, -8]]"
r18_t90_k6_w2,18,6,2,60,121,122,163,148,3,3,20,22,118,111,"[8, 48, 34, 30, 0, 0]","[21, 0, 1, 3, 49, 48]","[[11, -10], [11, -11]]","[[-4, -7], [-5, -6]]"
r18_t90_k6_w2,18,6,2,61,123,124,167,148,3,3,23,23,121,112,"[8, 48, 34, 32, 0, 0]","[21, 0, 1, 3, 51, 48]","[[10, -11], [9, -11]]","[[-6, -5], [-7, -4]]"
r18_t90_k6_w2,18,6,2,62,125,126,167,150,3,3,23,22,122,112,"[8, 48, 34, 34, 0, 0]","[21, 0, 1, 3, 53, 48]","[[8, -11], [7, -11]]","[[-8, -3], [-9, -2]]"
r18_t90_k6_w2,18,6,2,63,127,128,167,149,3,3,25,22,123,112,"[8, 48, 34, 36, 0, 0]","[21, 0, 1, 3, 55, 48]","[[6, -11], [5, -11]]","[[-10, -1], [-11, 0]]"
r18_t90_k6_w2,18,6,2,64,129,130,166,149,3,3,26,22,124,112,"[8, 48, 36, 36, 0, 0]","[21, 0, 1, 3, 57, 48]","[[4, -11], [3, -11]]","[[-11, 1], [-11, 2]]"
r18_t90_k6_w2,18,6,2,65,131,132,168,150,3,3,25,24,124,114,"[8, 48, 38, 36, 0, 0]","[21, 0, 1, 3, 59, 48]","[[2, -11], [1, -11]]","[[-11, 3], [-11, 4]]"
r18_t90_k6_w2,18,6,2,66,133,134,166,150,3,3,25,25,124,114,"[8, 48, 40, 36, 0, 0]","[23, 0, 1, 3, 59, 48]","[[5, 6], [6, 5]]","[[-11, 5], [-11, 6]]"
r18_t90_k6_w2,18,6,2,67,135,136,166,157,3,3,25,25,124,119,"[8, 48, 42, 36, 0, 0]","[25, 0, 1, 3, 59, 48]","[[7, 4], [8, 3]]","[[-11, 7], [-11, 8]]"
r18_t90_k6_w2,18,6,2,68,137,138,165,157,3,3,25,25,124,119,"[8, 48, 44, 36, 0, 0]","[27, 0, 1, 3, 59, 48]","[[9, 2], [10, 1]]","[[-11, 9], [-11, 10]]"
r18_t90_k6_w2,18,6,2,69,139,140,166,158,3,3,27,27,126,120,"[8, 50, 44, 36, 0, 0]","[28, 0, 1, 3, 59, 49]","[[12, 0], [12, -1]]","[[-11, 11], [-10, 11]]"
r18_t90_k6_w2,18,6,2,70,141,142,169,161,3,3,25,28,126,122,"[8, 52, 44, 36, 0, 0]","[28, 0, 1, 3, 59, 51]","[[12, -2], [12, -3]]","[[-9, 11], [-8, 11]]"
r18_t90_k6_w2,18,6,2,71,143,144,168,159,3,3,26,28,126,122,"[8, 54, 44, 36, 0, 0]","[28, 0, 1, 3, 59, 53]","[[12, -4], [12, -5]]","[[-7, 11], [-6, 11]]"
r18_t90_k6_w2,18,6,2,72,145,146,167,159,3,3,26,28,126,122,"[8, 56, 44, 36, 0, 0]","[28, 0, 1, 3, 59, 55]","[[12, -6], [12, -7]]","[[-5, 11], [-4, 11]]"
r18_t90_k6_w2,18,6,2,73,147,148,170,158,3,3,23,29,126,122,"[8, 58, 44, 36, 0, 0]","[28, 0, 1, 3, 59, 57]","[[12, -8], [12, -9]]","[[-3, 11], [-2, 11]]"
r18_t90_k6_w2,18,6,2,74,149,150,171,158,3,3,25,28,128,122,"[9, 59, 44, 36, 0, 0]","[28, 0, 1, 3, 59, 59]","[[12, -10], [12, -11]]","[[-1, 11], [0, 11]]"
r18_t90_k6_w2,18,6,2,75,151,152,171,159,3,3,25,30,128,124,"[9, 59, 44, 38, 0, 0]","[28, 0, 1, 3, 61, 59]","[[12, -12], [11, -12]]","[[-4, -8], [-5, -7]]"
r18_t90_k6_w2,18,6,2,76,153,154,174,162,3,3,25,28,130,124,"[9, 59, 44, 40, 0, 0]","[28, 0, 1, 3, 63, 59]","[[10, -12], [9, -12]]","[[-6, -6], [-7, -5]]"
r18_t90_k6_w2,18,6,2,77,155,156,175,161,3,3,28,28,132,124,"[9, 59, 44, 42, 0, 0]","[28, 0, 1, 3, 65, 59]","[[8, -12], [7, -12]]","[[-8, -4], [-9, -3]]"
r18_t90_k6_w2,18,6,2,78,157,158,175,164,3,3,27,25,132,124,"[9, 59, 44, 44, 0, 0]","[28, 0, 1, 3, 67, 59]","[[6, -12], [5, -12]]","[[-10, -2], [-11, -1]]"
r18_t90_k6_w2,18,6,2,79,159,160,176,170,3,3,29,23,134,126,"[9, 59, 45, 45, 0, 0]","[28, 0, 1, 3, 69, 59]","[[4, -12], [3, -12]]","[[-12, 0], [-12, 1]]"
r18_t90_k6_w2,18,6,2,80,161,162,179,171,3,3,27,24,134,127,"[9, 59, 47, 45, 0, 0]","[29, 0, 1, 3, 70, 59]","[[2, -12], [5, 7]]","[[-12, 2], [-12, 3]]"
r18_t90_k6_w2,18,6,2,81,163,164,178,174,3,3,28,24,134,129,"[9, 59, 49, 45, 0, 0]","[31, 0, 1, 3, 70, 59]","[[6, 6], [7, 5]]","[[-12, 4], [-12, 5]]"
r18_t90_k6_w2,18,6,2,82,165,166,178,181,3,3,28,26,134,133,"[9, 59, 51, 45, 0, 0]","[33, 0, 1, 3, 70, 59]","[[8, 4], [9, 3]]","[[-12, 6], [-12, 7]]"
r18_t90_k6_w2,18,6,2,83,167,168,178,180,3,3,28,24,134,132,"[9, 59, 53, 45, 0, 0]","[35, 0, 1, 3, 70, 59]","[[10, 2], [11, 1]]","[[-12, 8], [-12, 9]]"
r18_t90_k6_w2,18,6,2,84,169,170,178,181,3,3,27,25,134,133,"[9, 59, 55, 45, 0, 0]","[36, 0, 1, 3, 70, 60]","[[13, 0], [13, -1]]","[[-12, 10], [-12, 11]]"
r18_t90_k6_w2,18,6,2,85,171,172,179,184,3,3,29,25,136,135,"[9, 61, 55, 45, 0, 0]","[36, 0, 1, 3, 70, 62]","[[13, -2], [13, -3]]","[[-12, 12], [-11, 12]]"
r18_t90_k6_w2,18,6,2,86,173,174,182,184,3,3,27,26,136,135,"[9, 63, 55, 45, 0, 0]","[36, 0, 1, 3, 70, 64]","[[13, -4], [13, -5]]","[[-10, 12], [-9, 12]]"
r18_t90_k6_w2,18,6,2,87,175,176,181,184,3,3,28,26,136,135,"[9, 65, 55, 45, 0, 0]","[36, 0, 1, 3, 70, 66]","[[13, -6], [13, -7]]","[[-8, 12], [-7, 12]]"
r18_t90_k6_w2,18,6,2,88,177,178,181,184,3,3,27,26,136,135,"[9, 67, 55, 45, 0, 0]","[36, 0, 1, 3, 70, 68]","[[13, -8], [13, -9]]","[[-6, 12], [-5, 12]]"
r18_t90_k6_w2,18,6,2,89,179,180,180,184,3,3,28,25,136,135,"[9, 69, 55, 45, 0, 0]","[36, 0, 1, 3, 70, 70]","[[13, -10], [13, -11]]","[[-4, 12], [-3, 12]]"
r18_t90_k6_w3,18,6,3,0,1,2,0,0,0,0,0,0,0,0,"[0, 0, 0, 0, 0, 0]","[0, 0, 0, 0, 1, 1]","[[2, -1], [1, -2]]",[]
r18_t90_k6_w3,18,6,3,1,3,4,0,0,0,0,0,0,0,0,"[2, 0, 0, 0, 0, 0]","[0, 0, 1, 1, 1, 1]","[[-1, -1], [-2, 1]]","[[0, 2], [3, 0]]"
r18_t90_k6_w3,18,6,3,2,5,6,0,0,0,0,0,0,0,0,"[2, 1, 0, 1, 0, 0]","[0, 0, 1, 1, 3, 1]","[[2, -3], [1, -3]]","[[-3, 0], [-3, 3]]"
r18_t90_k6_w3,18,6,3,3,7,8,0,0,0,0,0,0,0,0,"[3, 2, 0, 1, 0, 0]","[0, 0, 1, 1, 3, 3]","[[4, -2], [4, -3]]","[[-1, 3], [0, 3]]"
r18_t90_k6_w3,18,6,3,4,9,10,0,1,0,1,0,1,0,2,"[4, 2, 0, 2, 0, 0]","[0, 0, 1, 1, 5, 3]","[[4, -4], [3, -4]]","[[1, 2], [-4, 0]]"
r18_t90_k6_w3,18,6,3,5,11,12,0,4,0,3,0,2,0,6,"[4, 4, 0, 2, 0, 0]","[0, 0, 1, 1, 7, 3]","[[2, -4], [1, -4]]","[[-4, 4], [-3, 4]]"
r18_t90_k6_w3,18,6,3,6,13,14,6,5,3,3,3,3,9,6,"[5, 5, 0, 2, 0, 0]","[0, 0, 1, 2, 7, 4]","[[0, -4], [5, -1]]","[[-1, 4], [0, 4]]"
r18_t90_k6_w3,18,6,3,7,15,16,8,7,3,3,4,4,12,9,"[6, 5, 0, 3, 0, 0]","[0, 0, 1, 2, 7, 6]","[[5, -3], [5, -4]]","[[1, 3], [-3, -2]]"
r18_t90_k6_w3,18,6,3,8,17,18,9,14,3,3,5,5,14,17,"[6, 5, 1, 4, 0, 0]","[0, 0, 1, 2, 9, 6]","[[5, -5], [4, -5]]","[[-5, 0], [-5, 2]]"
r18_t90_k6_w3,18,6,3,9,19,20,11,21,3,3,6,7,17,26,"[6, 6, 2, 4, 0, 0]","[0, 0, 1, 2, 11, 6]","[[3, -5], [2, -5]]","[[-5, 3], [-5, 5]]"
r18_t90_k6_w3,18,6,3,10,21,22,12,25,3,3,7,9,19,30,"[6, 8, 2, 4, 0, 0]","[1, 0, 1, 2, 12, 6]","[[1, -5], [4, 1]]","[[-4, 5], [-3, 5]]"
r18_t90_k6_w3,18,6,3,11,23,24,18,25,3,3,8,9,23,30,"[6, 10, 2, 4, 0, 0]","[1, 0, 1, 2, 12, 8]","[[6, -1], [6, -2]]","[[-2, 5], [-1, 5]]"
r18_t90_k6_w3,18,6,3,12,25,26,20,29,3,3,9,9,25,34,"[7, 10, 2, 5, 0, 0]","[1, 0, 1, 2, 12, 10]","[[6, -4], [6, -5]]","[[0, 5], [-3, -3]]"
r18_t90_k6_w3,18,6,3,13,27,28,21,33,3,3,9,10,26,35,"[7, 10, 2, 7, 0, 0]","[1, 0, 1, 2, 14, 10]","[[6, -6], [5, -6]]","[[-4, -2], [-5, -1]]"
r18_t90_k6_w3,18,6,3,14,29,30,26,39,3,3,10,10,32,37,"[7, 10, 3, 8, 0, 0]","[1, 0, 1, 2, 16, 10]","[[4, -6], [3, -6]]","[[-6, 0], [-6, 1]]"
r18_t90_k6_w3,18,6,3,15,31,32,29,43,3,3,10,13,35,40,"[7, 10, 5, 8, 0, 0]","[1, 0, 1, 2, 18, 10]","[[2, -6], [1, -6]]","[[-6, 2], [-6, 3]]"
r18_t90_k6_w3,18,6,3,16,33,34,30,43,3,3,12,13,36,40,"[7, 10, 7, 8, 0, 0]","[3, 0, 1, 2, 18, 10]","[[5, 1], [7, 0]]","[[-6, 4], [-6, 5]]"
r18_t90_k6_w3,18,6,3,17,35,36,33,44,3,3,12,13,39,41,"[7, 12, 7, 8, 0, 0]","[3, 0, 1, 2, 18, 12]","[[7, -1], [7, -2]]","[[-6, 6], [-5, 6]]"
r18_t90_k6_w3,18,6,3,18,37,38,40,47,3,3,14,13,46,43,"[7, 14, 7, 8, 0, 0]","[3, 0, 1, 2, 18, 14]","[[7, -3], [7, -4]]","[[-4, 6], [-3, 6]]"
r18_t90_k6_w3,18,6,3,19,39,40,47,53,3,3,14,13,51,47,"[7, 16, 7, 8, 0, 0]","[3, 0, 1, 2, 18, 16]","[[7, -5], [7, -6]]","[[-2, 6], [-1, 6]]"
r18_t90_k6_w3,18,6,3,20,41,42,47,56,3,3,16,12,52,50,"[9, 16, 7, 8, 0, 0]","[3, 0, 1, 2, 20, 16]","[[7, -7], [6, -7]]","[[0, 6], [1, 5]]"
r18_t90_k6_w3,18,6,3,21,43,44,48,62,3,3,16,12,52,52,"[9, 16, 7, 10, 0, 0]","[3, 0, 1, 2, 22, 16]","[[5, -7], [4, -7]]","[[-4, -3], [-5, -2]]"
r18_t90_k6_w3,18,6,3,22,45,46,52,68,3,3,18,12,56,56,"[9, 16, 7, 12, 0, 0]","[3, 0, 1, 2, 24, 16]","[[3, -7], [2, -7]]","[[-6, -1], [-7, 0]]"
r18_t90_k6_w3,18,6,3,23,47,48,55,69,3,3,20,13,59,57,"[9, 16, 9, 12, 0, 0]","[3, 0, 1, 3, 25, 16]","[[1, -7], [0, -7]]","[[-7, 1], [-7, 2]]"
r18_t90_k6_w3,18,6,3,24,49,50,62,69,3,3,19,13,64,57,"[9, 16, 11, 12, 0, 0]","[5, 0, 1, 3, 25, 16]","[[5, 2], [6, 1]]","[[-7, 3], [-7, 4]]"
r18_t90_k6_w3,18,6,3,25,51,52,63,74,3,3,20,14,65,63,"[9, 16, 13, 12, 0, 0]","[6, 0, 1, 3, 25, 17]","[[8, 0], [8, -1]]","[[-7, 5], [-7, 6]]"
r18_t90_k6_w3,18,6,3,26,53,54,67,82,3,3,20,10,67,67,"[9, 18, 13, 12, 0, 0]","[6, 0, 1, 3, 25, 19]","[[8, -2], [8, -3]]","[[-7, 7], [-6, 7]]"
r18_t90_k6_w3,18,6,3,27,55,56,75,85,3,3,17,11,70,69,"[9, 20, 13, 12, 0, 0]","[6, 0, 1, 3, 25, 21]","[[8, -4], [8, -5]]","[[-5, 7], [-4, 7]]"
r18_t90_k6_w3,18,6,3,28,57,58,78,86,3,3,20,13,70,70,"[9, 22, 13, 12, 0, 0]","[6, 0, 1, 3, 25, 23]","[[8, -6], [8, -7]]","[[-3, 7], [-2, 7]]"
r18_t90_k6_w3,18,6,3,29,59,60,79,87,3,3,23,15,72,72,"[10, 23, 13, 12, 0, 0]","[6, 0, 1, 3, 27, 23]","[[8, -8], [7, -8]]","[[-1, 7], [0, 7]]"
r18_t90_k6_w3,18,6,3,30,61,62,82,89,3,3,22,13,73,72,"[11, 23, 13, 13, 0, 0]","[6, 0, 1, 3, 29, 23]","[[6, -8], [5, -8]]","[[1, 6], [-3, -5]]"
r18_t90_k6_w3,18,6,3,31,63,64,85,88,3,3,21,16,75,72,"[11, 23, 13, 15, 0, 0]","[6, 0, 1, 3, 31, 23]","[[4, -8], [3, -8]]","[[-4, -4], [-5, -3]]"
r18_t90_k6_w3,18,6,3,32,65,66,91,89,3,3,22,18,81,74,"[11, 23, 13, 17, 0, 0]","[6, 0, 1, 3, 33, 23]","[[2, -8], [1, -8]]","[[-6, -2], [-7, -1]]"
r18_t90_k6_w3,18,6,3,33,67,68,93,90,3,3,24,18,82,75,"[11, 23, 14, 18, 0, 0]","[8, 0, 1, 3, 33, 23]","[[4, 4], [5, 3]]","[[-8, 0], [-8, 1]]"
r18_t90_k6_w3,18,6,3,34,69,70,103,98,3,3,19,18,84,81,"[11, 23, 16, 18, 0, 0]","[10, 0, 1, 3, 33, 23]","[[6, 2], [7, 1]]","[[-8, 2], [-8, 3]]"
r18_t90_k6_w3,18,6,3,35,71,72,107,98,3,3,17,20,83,82,"[11, 23, 18, 18, 0, 0]","[11, 0, 1, 3, 33, 24]","[[9, 0], [9, -1]]","[[-8, 4], [-8, 5]]"
r18_t90_k6_w3,18,6,3,36,73,74,110,105,3,3,15,20,83,84,"[11, 23, 20, 18, 0, 0]","[11, 0, 1, 3, 33, 26]","[[9, -2], [9, -3]]","[[-8, 6], [-8, 7]]"
r18_t90_k6_w3,18,6,3,37,75,76,111,108,3,3,18,20,85,85,"[11, 25, 20, 18, 0, 0]","[11, 0, 1, 3, 33, 28]","[[9, -4], [9, -5]]","[[-8, 8], [-7, 8]]"
r18_t90_k6_w3,18,6,3,38,77,78,115,108,3,3,15,19,86,84,"[11, 27, 20, 18, 0, 0]","[11, 0, 1, 3, 33, 30]","[[9, -6], [9, -7]]","[[-6, 8], [-5, 8]]"
r18_t90_k6_w3,18,6,3,39,79,80,119,109,3,3,16,21,87,86,"[11, 29, 20, 18, 0, 0]","[11, 0, 1, 3, 34, 31]","[[9, -8], [9, -9]]","[[-4, 8], [-3, 8]]"
r18_t90_k6_w3,18,6,3,40,81,82,124,109,3,3,15,22,91,87,"[11, 31, 20, 18, 0, 0]","[11, 0, 1, 3, 36, 31]","[[8, -9], [7, -9]]","[[-2, 8], [-1, 8]]"
r18_t90_k6_w3,18,6,3,41,83,84,126,111,3,3,16,20,93,87,"[12, 31, 20, 19, 0, 0]","[11, 0, 1, 3, 38, 31]","[[6, -9], [5, -9]]","[[0, 8], [-3, -6]]"
r18_t90_k6_w3,18,6,3,42,85,86,127,114,3,3,17,17,94,87,"[12, 31, 20, 21, 0, 0]","[11, 0, 1, 3, 40, 31]","[[4, -9], [3, -9]]","[[-4, -5], [-5, -4]]"
r18_t90_k6_w3,18,6,3,43,87,88,134,115,3,3,18,19,99,89,"[12, 31, 20, 23, 0, 0]","[11, 0, 1, 3, 42, 31]","[[2, -9], [1, -9]]","[[-6, -3], [-7, -2]]"
r18_t90_k6_w3,18,6,3,44,89,90,137,117,3,3,19,19,102,90,"[12, 31, 20, 25, 0, 0]","[13, 0, 1, 3, 42, 31]","[[5, 4], [6, 3]]","[[-8, -1], [-9, 0]]"
r18_t90_k6_w3,18,6,3,45,91,92,140,120,3,3,18,21,103,93,"[12, 31, 22, 25, 0, 0]","[15, 0, 1, 3, 42, 31]","[[7, 2], [8, 1]]","[[-9, 1], [-9, 2]]"
r18_t90_k6_w3,18,6,3,46,93,94,143,124,3,3,18,22,103,96,"[12, 31, 24, 25, 0, 0]","[16, 0, 1, 3, 42, 32]","[[10, 0], [10, -1]]","[[-9, 3], [-9, 4]]"
r18_t90_k6_w3,18,6,3,47,95,96,143,127,3,3,18,21,103,98,"[12, 31, 26, 25, 0, 0]","[16, 0, 1, 3, 42, 34]","[[10, -2], [10, -3]]","[[-9, 5], [-9, 6]]"
r18_t90_k6_w3,18,6,3,48,97,98,144,127,3,3,17,23,104,98,"[12, 31, 28, 25, 0, 0]","[16, 0, 1, 3, 42, 36]","[[10, -4], [10, -5]]","[[-9, 7], [-9, 8]]"
r18_t90_k6_w3,18,6,3,49,99,100,145,129,3,3,19,21,106,98,"[12, 33, 28, 25, 0, 0]","[16, 0, 1, 3, 42, 38]","[[10, -6], [10, -7]]","[[-9, 9], [-8, 9]]"
r18_t90_k6_w3,18,6,3,50,101,102,147,130,3,3,19,21,106,98,"[12, 35, 28, 25, 0, 0]","[16, 0, 1, 3, 42, 40]","[[10, -8], [10, -9]]","[[-7, 9], [-6, 9]]"
r18_t90_k6_w3,18,6,3,51,103,104,146,131,3,3,19,23,106,100,"[12, 37, 28, 25, 0, 0]","[16, 0, 1, 3, 44, 40]","[[10, -10], [9, -10]]","[[-5, 9], [-4, 9]]"
r18_t90_k6_w3,18,6,3,52,105,106,149,134,3,3,19,21,107,100,"[12, 39, 28, 25, 0, 0]","[16, 0, 1, 3, 46, 40]","[[8, -10], [7, -10]]","[[-3, 9], [-2, 9]]"
r18_t90_k6_w3,18,6,3,53,107,108,150,132,3,3,21,22,109,100,"[13, 40, 28, 25, 0, 0]","[16, 0, 1, 3, 48, 40]","[[6, -10], [5, -10]]","[[-1, 9], [0, 9]]"
r18_t90_k6_w3,18,6,3,54,109,110,150,138,3,3,22,18,109,101,"[14, 40, 28, 26, 0, 0]","[16, 0, 1, 3, 50, 40]","[[4, -10], [3, -10]]","[[1, 8], [-4, -6]]"
r18_t90_k6_w3,18,6,3,55,111,112,150,139,3,3,22,20,109,103,"[14, 40, 28, 28, 0, 0]","[16, 0, 1, 3, 52, 40]","[[2, -10], [1, -10]]","[[-5, -5], [-6, -4]]"
r18_t90_k6_w3,18,6,3,56,113,114,154,139,3,3,23,21,112,103,"[14, 40, 28, 30, 0, 0]","[17, 0, 1, 4, 52, 40]","[[0, -10], [5, 5]]","[[-7, -3], [-8, -2]]"
r18_t90_k6_w3,18,6,3,57,115,116,154,141,3,3,25,20,113,104,"[14, 40, 28, 32, 0, 0]","[19, 0, 1, 4, 52, 40]","[[6, 4], [7, 3]]","[[-9, -1], [-10, 0]]"
r18_t90_k6_w3,18,6,3,58,117,118,153,146,3,3,26,20,114,107,"[14, 40, 30, 32, 0, 0]","[21, 0, 1, 4, 52, 40]","[[8, 2], [9, 1]]","[[-10, 1], [-10, 2]]"
r18_t90_k6_w3,18,6,3,59,119,120,154,147,3,3,25,22,114,108,"[14, 40, 32, 32, 0, 0]","[22, 0, 1, 4, 52, 41]","[[11, 0], [11, -1]]","[[-10, 3], [-10, 4]]"
r18_t90_k6_w3,18,6,3,60,121,122,153,149,3,3,25,23,114,110,"[14, 40, 34, 32, 0, 0]","[22, 0, 1, 4, 52, 43]","[[11, -2], [11, -3]]","[[-10, 5], [-10, 6]]"
r18_t90_k6_w3,18,6,3,61,123,124,153,148,3,3,24,23,114,110,"[14, 40, 36, 32, 0, 0]","[22, 0, 1, 4, 52, 45]","[[11, -4], [11, -5]]","[[-10, 7], [-10, 8]]"
r18_t90_k6_w3,18,6,3,62,125,126,153,148,3,3,26,23,115,110,"[14, 41, 37, 32, 0, 0]","[22, 0, 1, 4, 52, 47]","[[11, -6], [11, -7]]","[[-10, 9], [-10, 10]]"
r18_t90_k6_w3,18,6,3,63,127,128,153,147,3,3,27,23,116,110,"[14, 43, 37, 32, 0, 0]","[22, 0, 1, 4, 52, 49]","[[11, -8], [11, -9]]","[[-9, 10], [-8, 10]]"
r18_t90_k6_w3,18,6,3,64,129,130,155,148,3,3,26,24,116,111,"[14, 45, 37, 32, 0, 0]","[22, 0, 1, 4, 53, 50]","[[11, -10], [11, -11]]","[[-7, 10], [-6, 10]]"
r18_t90_k6_w3,18,6,3,65,131,132,155,148,3,3,25,25,116,112,"[14, 47, 37, 32, 0, 0]","[22, 0, 1, 4, 55, 50]","[[10, -11], [9, -11]]","[[-5, 10], [-4, 10]]"
r18_t90_k6_w3,18,6,3,66,133,134,154,150,3,3,26,24,116,112,"[14, 49, 37, 32, 0, 0]","[22, 0, 1, 4, 57, 50]","[[8, -11], [7, -11]]","[[-3, 10], [-2, 10]]"
r18_t90_k6_w3,18,6,3,67,135,136,155,149,3,3,28,23,118,112,"[15, 50, 37, 32, 0, 0]","[22, 0, 1, 4, 59, 50]","[[6, -11], [5, -11]]","[[-1, 10], [0, 10]]"
r18_t90_k6_w3,18,6,3,68,137,138,156,149,3,3,27,24,118,112,"[16, 50, 37, 33, 0, 0]","[22, 0, 1, 4, 61, 50]","[[4, -11], [3, -11]]","[[1, 9], [-3, -8]]"
r18_t90_k6_w3,18,6,3,69,139,140,156,150,3,3,27,26,118,114,"[16, 50, 37, 35, 0, 0]","[22, 0, 1, 4, 63, 50]","[[2, -11], [1, -11]]","[[-4, -7], [-5, -6]]"
r18_t90_k6_w3,18,6,3,70,141,142,165,150,3,3,25,26,122,114,"[16, 50, 37, 37, 0, 0]","[24, 0, 1, 4, 63, 50]","[[4, 7], [5, 6]]","[[-6, -5], [-7, -4]]"
r18_t90_k6_w3,18,6,3,71,143,144,166,156,3,3,25,25,122,118,"[16, 50, 37, 39, 0, 0]","[26, 0, 1, 4, 63, 50]","[[6, 5], [7, 4]]","[[-8, -3], [-9, -2]]"
r18_t90_k6_w3,18,6,3,72,145,146,167,160,3,3,26,27,123,119,"[16, 50, 37, 41, 0, 0]","[28, 0, 1, 4, 63, 50]","[[8, 3], [9, 2]]","[[-10, -1], [-11, 0]]"
r18_t90_k6_w3,18,6,3,73,147,148,167,159,3,3,27,26,124,119,"[16, 50, 39, 41, 0, 0]","[30, 0, 1, 4, 63, 50]","[[10, 1], [12, 0]]","[[-11, 1], [-11, 2]]"
r18_t90_k6_w3,18,6,3,74,149,150,169,160,3,3,26,28,124,121,"[16, 50, 41, 41, 0, 0]","[30, 0, 1, 4, 63, 52]","[[12, -1], [12, -2]]","[[-11, 3], [-11, 4]]"
r18_t90_k6_w3,18,6,3,75,151,152,169,163,3,3,26,28,124,122,"[16, 50, 43, 41, 0, 0]","[30, 0, 1, 4, 63, 54]","[[12, -3], [12, -4]]","[[-11, 5], [-11, 6]]"
r18_t90_k6_w3,18,6,3,76,153,154,169,163,3,3,26,28,124,122,"[16, 50, 45, 41, 0, 0]","[30, 0, 1, 4, 63, 56]","[[12, -5], [12, -6]]","[[-11, 7], [-11, 8]]"
r18_t90_k6_w3,18,6,3,77,155,156,169,163,3,3,25,28,124,122,"[16, 50, 47, 41, 0, 0]","[30, 0, 1, 4, 63, 58]","[[12, -7], [12, -8]]","[[-11, 9], [-11, 10]]"
r18_t90_k6_w3,18,6,3,78,157,158,170,163,3,3,27,27,126,122,"[16, 52, 47, 41, 0, 0]","[30, 0, 1, 4, 63, 60]","[[12, -9], [12, -10]]","[[-11, 11], [-10, 11]]"
r18_t90_k6_w3,18,6,3,79,159,160,173,164,3,3,25,28,126,123,"[16, 54, 47, 41, 0, 0]","[30, 0, 1, 4, 64, 61]","[[12, -11], [12, -12]]","[[-9, 11], [-8, 11]]"
r18_t90_k6_w3,18,6,3,80,161,162,172,164,3,3,26,29,126,124,"[16, 56, 47, 41, 0, 0]","[30, 0, 1, 4, 66, 61]","[[11, -12], [10, -12]]","[[-7, 11], [-6, 11]]"
r18_t90_k6_w3,18,6,3,81,163,164,172,166,3,3,25,28,126,124,"[16, 58, 47, 41, 0, 0]","[30, 0, 1, 4, 68, 61]","[[9, -12], [8, -12]]","[[-5, 11], [-4, 11]]"
r18_t90_k6_w3,18,6,3,82,165,166,178,166,3,3,21,27,126,124,"[16, 60, 47, 41, 0, 0]","[30, 0, 1, 4, 70, 61]","[[7, -12], [6, -12]]","[[-3, 11], [-2, 11]]"
r18_t90_k6_w3,18,6,3,83,167,168,179,169,3,3,23,24,128,124,"[17, 61, 47, 41, 0, 0]","[30, 0, 1, 4, 72, 61]","[[5, -12], [4, -12]]","[[-1, 11], [0, 11]]"
r18_t90_k6_w3,18,6,3,84,169,170,180,169,3,3,23,25,129,125,"[17, 61, 47, 43, 0, 0]","[30, 0, 1, 4, 74, 61]","[[3, -12], [2, -12]]","[[-3, -9], [-4, -8]]"
r18_t90_k6_w3,18,6,3,85,171,172,186,170,3,3,22,26,133,126,"[17, 61, 47, 45, 0, 0]","[31, 0, 1, 4, 75, 61]","[[1, -12], [5, 7]]","[[-5, -7], [-6, -6]]"
r18_t90_k6_w3,18,6,3,86,173,174,186,170,3,3,25,26,134,126,"[17, 61, 47, 47, 0, 0]","[33, 0, 1, 4, 75, 61]","[[6, 6], [7, 5]]","[[-7, -5], [-8, -4]]"
r18_t90_k6_w3,18,6,3,87,175,176,186,173,3,3,24,30,134,130,"[17, 61, 47, 49, 0, 0]","[35, 0, 1, 4, 75, 61]","[[8, 4], [9, 3]]","[[-9, -3], [-10, -2]]"
r18_t90_k6_w3,18,6,3,88,177,178,187,172,3,3,25,28,135,129,"[17, 61, 47, 51, 0, 0]","[37, 0, 1, 4, 75, 61]","[[10, 2], [11, 1]]","[[-11, -1], [-12, 0]]"
r18_t90_k6_w3,18,6,3,89,179,180,187,173,3,3,26,29,136,130,"[17, 61, 49, 51, 0, 0]","[38, 0, 1, 4, 75, 62]","[[13, 0], [13, -1]]","[[-12, 1], [-12, 2]]"
r18_t90_k6_w4,18,6,4,0,1,2,0,0,0,0,0,0,0,0,"[0, 0, 0, 0, 0, 0]","[0, 0, 0, 0, 1, 1]","[[2, -1], [1, -2]]",[]
r18_t90_k6_w4,18,6,4,1,3,4,0,0,0,0,0,0,0,0,"[1, 1, 0, 0, 0, 0]","[0, 0, 1, 1, 1, 1]","[[-1, -1], [-2, 1]]","[[-1, 2], [0, 2]]"
r18_t90_k6_w4,18,6,4,2,5,6,0,0,0,0,0,0,0,0,"[1, 1, 0, 2, 0, 0]","[1, 0, 1, 1, 1, 2]","[[3, 0], [3, -1]]","[[0, -3], [-3, 0]]"
r18_t90_k6_w4,18,6,4,3,7,8,0,3,0,2,0,1,0,4,"[1, 3, 0, 2, 0, 0]","[1, 0, 1, 1, 2, 3]","[[3, -2], [3, -3]]","[[-3, 3], [-1, 3]]"
r18_t90_k6_w4,18,6,4,4,9,10,0,3,0,2,0,1,0,4,"[1, 3, 0, 3, 1, 0]","[3, 0, 1, 1, 2, 3]","[[2, 1], [4, 0]]","[[2, -4], [0, -4]]"
r18_t90_k6_w4,18,6,4,5,11,12,0,4,0,3,0,2,0,6,"[1, 3, 0, 5, 1, 0]","[3, 0, 1, 1, 2, 5]","[[4, -1], [4, -2]]","[[-2, -2], [-4, 0]]"
r18_t90_k6_w4,18,6,4,6,13,14,0,8,0,3,0,4,0,10,"[1, 4, 1, 5, 1, 0]","[4, 0, 1, 1, 2, 6]","[[4, -3], [3, 1]]","[[-4, 2], [-4, 4]]"
r18_t90_k6_w4,18,6,4,7,15,16,0,10,0,3,0,4,0,12,"[1, 6, 1, 5, 1, 0]","[5, 0, 1, 1, 2, 7]","[[5, 0], [5, -1]]","[[-3, 4], [-2, 4]]"
r18_t90_k6_w4,18,6,4,8,17,18,4,18,2,3,2,7,4,23,"[2, 7, 1, 5, 1, 0]","[5, 0, 1, 1, 2, 9]","[[5, -2], [5, -3]]","[[-1, 4], [0, 4]]"
r18_t90_k6_w4,18,6,4,9,19,20,5,22,3,3,3,9,6,27,"[2, 7, 1, 5, 3, 0]","[5, 0, 1, 1, 3, 10]","[[5, -4], [5, -5]]","[[2, -5], [1, -5]]"
r18_t90_k6_w4,18,6,4,10,21,22,6,22,3,3,4,9,8,27,"[2, 7, 1, 7, 3, 0]","[7, 0, 1, 1, 3, 10]","[[2, 3], [3, 2]]","[[0, -5], [-1, -4]]"
r18_t90_k6_w4,18,6,4,11,23,24,9,29,3,3,5,10,12,33,"[2, 7, 1, 9, 3, 0]","[9, 0, 1, 1, 3, 10]","[[4, 1], [6, 0]]","[[-2, -3], [-3, -2]]"
r18_t90_k6_w4,18,6,4,12,25,26,12,36,3,3,8,13,16,38,"[2, 7, 1, 11, 3, 0]","[9, 0, 1, 1, 3, 12]","[[6, -1], [6, -2]]","[[-4, -1], [-5, 0]]"
r18_t90_k6_w4,18,6,4,13,27,28,13,47,3,3,9,14,18,46,"[2, 7, 3, 11, 3, 0]","[9, 0, 1, 1, 3, 14]","[[6, -3], [6, -4]]","[[-5, 1], [-5, 2]]"
r18_t90_k6_w4,18,6,4,14,29,30,17,48,3,3,11,16,22,47,"[2, 7, 5, 11, 3, 0]","[9, 0, 1, 1, 4, 15]","[[6, -5], [6, -6]]","[[-5, 3], [-5, 4]]"
r18_t90_k6_w4,18,6,4,15,31,32,18,48,3,3,11,16,23,47,"[2, 9, 5, 11, 3, 0]","[10, 0, 1, 1, 5, 15]","[[5, -6], [1, 5]]","[[-5, 5], [-4, 5]]"
r18_t90_k6_w4,18,6,4,16,33,34,25,49,3,3,12,16,31,48,"[2, 11, 5, 11, 3, 0]","[12, 0, 1, 1, 5, 15]","[[3, 3], [4, 2]]","[[-3, 5], [-2, 5]]"
r18_t90_k6_w4,18,6,4,17,35,36,26,56,3,3,12,15,32,50,"[2, 11, 5, 11, 5, 0]","[14, 0, 1, 1, 5, 15]","[[5, 1], [7, 0]]","[[2, -6], [1, -6]]"
r18_t90_k6_w4,18,6,4,18,37,38,31,55,3,3,13,19,38,52,"[2, 11, 5, 13, 5, 0]","[14, 0, 1, 1, 5, 17]","[[7, -1], [7, -2]]","[[0, -6], [-1, -5]]"
r18_t90_k6_w4,18,6,4,19,39,40,36,60,3,3,14,20,44,53,"[2, 11, 5, 15, 5, 0]","[14, 0, 1, 1, 5, 19]","[[7, -3], [7, -4]]","[[-2, -4], [-3, -3]]"
r18_t90_k6_w4,18,6,4,20,41,42,38,60,3,3,16,23,46,55,"[2, 11, 5, 17, 5, 0]","[14, 0, 1, 1, 5, 21]","[[7, -5], [7, -6]]","[[-4, -2], [-5, -1]]"
r18_t90_k6_w4,18,6,4,21,43,44,40,62,3,3,16,22,48,56,"[2, 11, 6, 18, 5, 0]","[14, 0, 1, 1, 7, 21]","[[7, -7], [6, -7]]","[[-6, 0], [-6, 1]]"
r18_t90_k6_w4,18,6,4,22,45,46,45,62,3,3,15,22,52,56,"[2, 11, 8, 18, 5, 0]","[14, 1, 1, 1, 8, 21]","[[5, -7], [-1, 7]]","[[-6, 2], [-6, 3]]"
r18_t90_k6_w4,18,6,4,23,47,48,47,62,3,3,19,22,54,56,"[2, 11, 10, 18, 5, 0]","[16, 1, 1, 1, 8, 21]","[[0, 7], [1, 6]]","[[-6, 4], [-6, 5]]"
r18_t90_k6_w4,18,6,4,24,49,50,51,65,3,3,18,21,57,58,"[2, 13, 10, 18, 5, 0]","[18, 1, 1, 1, 8, 21]","[[2, 5], [3, 4]]","[[-6, 6], [-5, 6]]"
r18_t90_k6_w4,18,6,4,25,51,52,57,65,3,3,19,22,63,58,"[2, 15, 10, 18, 5, 0]","[20, 1, 1, 1, 8, 21]","[[4, 3], [5, 2]]","[[-4, 6], [-3, 6]]"
r18_t90_k6_w4,18,6,4,26,53,54,61,65,3,3,20,24,66,59,"[2, 16, 10, 18, 6, 0]","[22, 1, 1, 1, 8, 21]","[[6, 1], [8, 0]]","[[-2, 6], [2, -7]]"
r18_t90_k6_w4,18,6,4,27,55,56,62,66,3,3,21,26,66,61,"[2, 16, 10, 19, 7, 0]","[22, 1, 1, 1, 8, 23]","[[8, -1], [8, -2]]","[[1, -7], [0, -7]]"
r18_t90_k6_w4,18,6,4,28,57,58,69,72,3,3,22,22,72,62,"[2, 16, 10, 21, 7, 0]","[22, 1, 1, 1, 8, 25]","[[8, -3], [8, -4]]","[[-1, -6], [-2, -5]]"
r18_t90_k6_w4,18,6,4,29,59,60,80,78,3,3,16,20,74,64,"[2, 16, 10, 23, 7, 0]","[22, 1, 1, 1, 8, 27]","[[8, -5], [8, -6]]","[[-3, -4], [-4, -3]]"
r18_t90_k6_w4,18,6,4,30,61,62,84,83,3,3,16,21,76,69,"[2, 16, 10, 25, 7, 0]","[22, 1, 1, 1, 9, 28]","[[8, -7], [8, -8]]","[[-5, -2], [-6, -1]]"
r18_t90_k6_w4,18,6,4,31,63,64,85,83,3,3,18,21,77,69,"[2, 16, 11, 26, 7, 0]","[22, 1, 1, 1, 11, 28]","[[7, -8], [6, -8]]","[[-7, 0], [-7, 1]]"
r18_t90_k6_w4,18,6,4,32,65,66,93,86,3,3,12,20,78,71,"[2, 16, 13, 26, 7, 0]","[22, 2, 1, 1, 12, 28]","[[5, -8], [-1, 8]]","[[-7, 2], [-7, 3]]"
r18_t90_k6_w4,18,6,4,33,67,68,98,86,3,3,11,20,77,71,"[2, 16, 15, 26, 7, 0]","[24, 2, 1, 1, 12, 28]","[[0, 8], [1, 7]]","[[-7, 4], [-7, 5]]"
r18_t90_k6_w4,18,6,4,34,69,70,100,90,3,3,13,18,79,73,"[2, 17, 16, 26, 7, 0]","[26, 2, 1, 1, 12, 28]","[[2, 6], [3, 5]]","[[-7, 6], [-7, 7]]"
r18_t90_k6_w4,18,6,4,35,71,72,102,93,3,3,13,17,80,74,"[2, 19, 16, 26, 7, 0]","[28, 2, 1, 1, 12, 28]","[[4, 4], [5, 3]]","[[-6, 7], [-5, 7]]"
r18_t90_k6_w4,18,6,4,36,73,74,111,96,3,3,14,16,86,74,"[2, 20, 16, 26, 8, 0]","[30, 2, 1, 1, 12, 28]","[[6, 2], [7, 1]]","[[-4, 7], [2, -8]]"
r18_t90_k6_w4,18,6,4,37,75,76,113,97,3,3,14,17,88,75,"[2, 20, 16, 27, 9, 0]","[31, 2, 1, 1, 12, 29]","[[9, 0], [9, -1]]","[[1, -8], [0, -8]]"
r18_t90_k6_w4,18,6,4,38,77,78,121,100,3,3,15,17,93,77,"[2, 20, 16, 29, 9, 0]","[31, 2, 1, 1, 12, 31]","[[9, -2], [9, -3]]","[[-1, -7], [-2, -6]]"
r18_t90_k6_w4,18,6,4,39,79,80,124,99,3,3,13,19,93,77,"[2, 20, 16, 31, 9, 0]","[31, 2, 1, 1, 12, 33]","[[9, -4], [9, -5]]","[[-3, -5], [-4, -4]]"
r18_t90_k6_w4,18,6,4,40,81,82,126,99,3,3,13,20,93,77,"[2, 20, 16, 33, 9, 0]","[31, 2, 1, 1, 12, 35]","[[9, -6], [9, -7]]","[[-5, -3], [-6, -2]]"
r18_t90_k6_w4,18,6,4,41,83,84,129,100,3,3,14,24,96,79,"[2, 20, 16, 35, 9, 0]","[31, 2, 1, 1, 13, 36]","[[9, -8], [9, -9]]","[[-7, -1], [-8, 0]]"
r18_t90_k6_w4,18,6,4,42,85,86,132,103,3,3,14,23,97,80,"[2, 20, 18, 35, 9, 0]","[31, 2, 1, 1, 15, 36]","[[8, -9], [7, -9]]","[[-8, 1], [-8, 2]]"
r18_t90_k6_w4,18,6,4,43,87,88,135,106,3,3,13,23,97,82,"[2, 20, 20, 35, 9, 0]","[31, 2, 1, 1, 17, 36]","[[6, -9], [5, -9]]","[[-8, 3], [-8, 4]]"
r18_t90_k6_w4,18,6,4,44,89,90,137,106,3,3,12,23,97,82,"[2, 20, 22, 35, 9, 0]","[31, 4, 1, 1, 17, 36]","[[-3, 9], [-2, 9]]","[[-8, 5], [-8, 6]]"
r18_t90_k6_w4,18,6,4,45,91,92,140,109,3,3,13,24,99,86,"[2, 21, 23, 35, 9, 0]","[32, 5, 1, 1, 17, 36]","[[-1, 9], [0, 9]]","[[-8, 7], [-8, 8]]"
r18_t90_k6_w4,18,6,4,46,93,94,139,116,3,3,15,22,100,91,"[2, 23, 23, 35, 9, 0]","[34, 5, 1, 1, 17, 36]","[[1, 8], [2, 7]]","[[-7, 8], [-6, 8]]"
r18_t90_k6_w4,18,6,4,47,95,96,143,122,3,3,17,21,101,94,"[2, 25, 23, 35, 9, 0]","[36, 5, 1, 1, 17, 36]","[[3, 6], [4, 5]]","[[-5, 8], [-4, 8]]"
r18_t90_k6_w4,18,6,4,48,97,98,143,123,3,3,20,21,103,94,"[2, 25, 23, 35, 11, 0]","[38, 5, 1, 1, 17, 36]","[[5, 4], [6, 3]]","[[2, -9], [1, -9]]"
r18_t90_k6_w4,18,6,4,49,99,100,146,121,3,3,20,21,105,94,"[2, 25, 23, 37, 11, 0]","[40, 5, 1, 1, 17, 36]","[[7, 2], [8, 1]]","[[0, -9], [-1, -8]]"
r18_t90_k6_w4,18,6,4,50,101,102,149,122,3,3,19,22,106,95,"[2, 25, 23, 39, 11, 0]","[41, 5, 1, 1, 17, 37]","[[10, 0], [10, -1]]","[[-2, -7], [-3, -6]]"
r18_t90_k6_w4,18,6,4,51,103,104,148,125,3,3,20,22,106,97,"[2, 25, 23, 41, 11, 0]","[41, 5, 1, 1, 17, 39]","[[10, -2], [10, -3]]","[[-4, -5], [-5, -4]]"
r18_t90_k6_w4,18,6,4,52,105,106,147,125,3,3,19,23,106,97,"[2, 25, 23, 43, 11, 0]","[41, 5, 1, 1, 17, 41]","[[10, -4], [10, -5]]","[[-6, -3], [-7, -2]]"
r18_t90_k6_w4,18,6,4,53,107,108,147,125,3,3,21,23,107,97,"[2, 25, 23, 45, 11, 0]","[41, 5, 1, 1, 17, 43]","[[10, -6], [10, -7]]","[[-8, -1], [-9, 0]]"
r18_t90_k6_w4,18,6,4,54,109,110,146,125,3,3,22,22,108,97,"[2, 25, 25, 45, 11, 0]","[41, 5, 1, 1, 17, 45]","[[10, -8], [10, -9]]","[[-9, 1], [-9, 2]]"
r18_t90_k6_w4,18,6,4,55,111,112,147,125,3,3,21,25,108,99,"[2, 25, 27, 45, 11, 0]","[41, 5, 1, 1, 19, 45]","[[10, -10], [9, -10]]","[[-9, 3], [-9, 4]]"
r18_t90_k6_w4,18,6,4,56,113,114,146,131,3,3,21,19,108,99,"[2, 25, 29, 45, 11, 0]","[41, 5, 1, 1, 21, 45]","[[8, -10], [7, -10]]","[[-9, 5], [-9, 6]]"
r18_t90_k6_w4,18,6,4,57,115,116,145,131,3,3,21,22,108,101,"[2, 25, 31, 45, 11, 0]","[41, 5, 1, 1, 23, 45]","[[6, -10], [5, -10]]","[[-9, 7], [-9, 8]]"
r18_t90_k6_w4,18,6,4,58,117,118,146,131,3,3,23,22,110,101,"[2, 27, 31, 45, 11, 0]","[41, 7, 1, 1, 23, 45]","[[-3, 10], [-2, 10]]","[[-9, 9], [-8, 9]]"
r18_t90_k6_w4,18,6,4,59,119,120,149,140,3,3,20,22,110,109,"[2, 29, 31, 45, 11, 0]","[42, 8, 1, 1, 23, 45]","[[-1, 10], [0, 10]]","[[-7, 9], [-6, 9]]"
r18_t90_k6_w4,18,6,4,60,121,122,150,145,3,3,22,23,112,112,"[2, 29, 31, 45, 13, 0]","[44, 8, 1, 1, 23, 45]","[[1, 9], [2, 8]]","[[2, -10], [1, -10]]"
r18_t90_k6_w4,18,6,4,61,123,124,153,151,3,3,21,23,113,113,"[2, 29, 31, 47, 13, 0]","[46, 8, 1, 1, 23, 45]","[[3, 7], [4, 6]]","[[0, -10], [-1, -9]]"
r18_t90_k6_w4,18,6,4,62,125,126,156,154,3,3,20,22,114,113,"[2, 29, 31, 49, 13, 0]","[48, 8, 1, 1, 23, 45]","[[5, 5], [6, 4]]","[[-2, -8], [-3, -7]]"
r18_t90_k6_w4,18,6,4,63,127,128,155,155,3,3,21,22,114,112,"[2, 29, 31, 51, 13, 0]","[50, 8, 1, 1, 23, 45]","[[7, 3], [8, 2]]","[[-4, -6], [-5, -5]]"
r18_t90_k6_w4,18,6,4,64,129,130,155,154,3,3,21,21,114,112,"[2, 29, 31, 53, 13, 0]","[52, 8, 1, 1, 23, 45]","[[9, 1], [11, 0]]","[[-6, -4], [-7, -3]]"
r18_t90_k6_w4,18,6,4,65,131,132,155,155,3,3,20,23,114,114,"[2, 29, 31, 55, 13, 0]","[52, 8, 1, 1, 23, 47]","[[11, -1], [11, -2]]","[[-8, -2], [-9, -1]]"
r18_t90_k6_w4,18,6,4,66,133,134,156,158,3,3,22,23,116,115,"[2, 29, 32, 56, 13, 0]","[52, 8, 1, 1, 23, 49]","[[11, -3], [11, -4]]","[[-10, 0], [-10, 1]]"
r18_t90_k6_w4,18,6,4,67,135,136,159,158,3,3,20,23,116,115,"[2, 29, 34, 56, 13, 0]","[52, 8, 1, 1, 23, 51]","[[11, -5], [11, -6]]","[[-10, 2], [-10, 3]]"
r18_t90_k6_w4,18,6,4,68,137,138,158,158,3,3,21,23,116,115,"[2, 29, 36, 56, 13, 0]","[52, 8, 1, 1, 23, 53]","[[11, -7], [11, -8]]","[[-10, 4], [-10, 5]]"
r18_t90_k6_w4,18,6,4,69,139,140,158,158,3,3,21,22,116,115,"[2, 29, 38, 56, 13, 0]","[52, 8, 1, 1, 23, 55]","[[11, -9], [11, -10]]","[[-10, 6], [-10, 7]]"
r18_t90_k6_w4,18,6,4,70,141,142,157,159,3,3,21,24,116,117,"[2, 29, 40, 56, 13, 0]","[52, 8, 1, 1, 25, 55]","[[11, -11], [10, -11]]","[[-10, 8], [-10, 9]]"
r18_t90_k6_w4,18,6,4,71,143,144,158,164,3,3,23,19,118,117,"[2, 31, 40, 56, 13, 0]","[52, 8, 1, 1, 27, 55]","[[9, -11], [8, -11]]","[[-10, 10], [-9, 10]]"
r18_t90_k6_w4,18,6,4,72,145,146,161,163,3,3,20,21,118,118,"[2, 33, 40, 56, 13, 0]","[52, 8, 1, 1, 29, 55]","[[7, -11], [6, -11]]","[[-8, 10], [-7, 10]]"
r18_t90_k6_w4,18,6,4,73,147,148,162,164,3,3,23,22,119,119,"[2, 34, 40, 56, 14, 0]","[52, 9, 1, 1, 30, 55]","[[5, -11], [-5, 11]]","[[-6, 10], [2, -11]]"
r18_t90_k6_w4,18,6,4,74,149,150,162,164,3,3,24,22,120,119,"[2, 34, 40, 57, 15, 0]","[52, 11, 1, 1, 30, 55]","[[-4, 11], [-3, 11]]","[[1, -11], [0, -11]]"
r18_t90_k6_w4,18,6,4,75,151,152,165,169,3,3,24,25,122,122,"[2, 34, 40, 59, 15, 0]","[52, 13, 1, 1, 30, 55]","[[-2, 11], [-1, 11]]","[[-1, -10], [-2, -9]]"
r18_t90_k6_w4,18,6,4,76,153,154,167,170,3,3,23,28,122,124,"[2, 34, 40, 61, 15, 0]","[54, 13, 1, 1, 30, 55]","[[0, 11], [1, 10]]","[[-3, -8], [-4, -7]]"
r18_t90_k6_w4,18,6,4,77,155,156,167,172,3,3,23,28,122,125,"[2, 34, 40, 63, 15, 0]","[56, 13, 1, 1, 30, 55]","[[2, 9], [3, 8]]","[[-5, -6], [-6, -5]]"
r18_t90_k6_w4,18,6,4,78,157,158,167,170,3,3,23,29,122,125,"[2, 34, 40, 65, 15, 0]","[58, 13, 1, 1, 30, 55]","[[4, 7], [5, 6]]","[[-7, -4], [-8, -3]]"
r18_t90_k6_w4,18,6,4,79,159,160,167,169,3,3,22,30,122,125,"[2, 34, 40, 67, 15, 0]","[60, 13, 1, 1, 30, 55]","[[6, 5], [7, 4]]","[[-9, -2], [-10, -1]]"
r18_t90_k6_w4,18,6,4,80,161,162,168,169,3,3,24,29,124,124,"[2, 34, 41, 68, 15, 0]","[62, 13, 1, 1, 30, 55]","[[8, 3], [9, 2]]","[[-11, 0], [-11, 1]]"
r18_t90_k6_w4,18,6,4,81,163,164,171,168,3,3,22,28,124,124,"[2, 34, 43, 68, 15, 0]","[64, 13, 1, 1, 30, 55]","[[10, 1], [12, 0]]","[[-11, 2], [-11, 3]]"
r18_t90_k6_w4,18,6,4,82,165,166,170,169,3,3,23,30,124,126,"[2, 34, 45, 68, 15, 0]","[64, 13, 1, 1, 30, 57]","[[12, -1], [12, -2]]","[[-11, 4], [-11, 5]]"
r18_t90_k6_w4,18,6,4,83,167,168,170,172,3,3,23,30,124,127,"[2, 34, 47, 68, 15, 0]","[64, 13, 1, 1, 30, 59]","[[12, -3], [12, -4]]","[[-11, 6], [-11, 7]]"
r18_t90_k6_w4,18,6,4,84,169,170,170,172,3,3,22,30,124,127,"[2, 34, 49, 68, 15, 0]","[64, 13, 1, 1, 30, 61]","[[12, -5], [12, -6]]","[[-11, 8], [-11, 9]]"
r18_t90_k6_w4,18,6,4,85,171,172,171,172,3,3,23,30,125,127,"[2, 35, 50, 68, 15, 0]","[64, 13, 1, 1, 30, 63]","[[12, -7], [12, -8]]","[[-11, 10], [-11, 11]]"
r18_t90_k6_w4,18,6,4,86,173,174,171,172,3,3,24,29,126,127,"[2, 37, 50, 68, 15, 0]","[64, 13, 1, 1, 30, 65]","[[12, -9], [12, -10]]","[[-10, 11], [-9, 11]]"
r18_t90_k6_w4,18,6,4,87,175,176,174,173,3,3,21,30,126,128,"[2, 38, 50, 68, 16, 0]","[64, 13, 1, 1, 31, 66]","[[12, -11], [12, -12]]","[[-8, 11], [4, -12]]"
r18_t90_k6_w4,18,6,4,88,177,178,175,173,3,3,22,31,127,129,"[2, 38, 50, 68, 18, 0]","[64, 13, 1, 1, 33, 66]","[[11, -12], [10, -12]]","[[3, -12], [2, -12]]"
r18_t90_k6_w4,18,6,4,89,179,180,179,177,3,3,24,27,131,129,"[2, 38, 50, 69, 19, 0]","[64, 13, 1, 1, 35, 66]","[[9, -12], [8, -12]]","[[1, -12], [0, -12]]"
r18_t90_k6_w5,18,6,5,0,1,2,0,0,0,0,0,0,0,0,"[0, 0, 0, 0, 0, 0]","[1, 0, 0, 0, 0, 1]","[[2, 0], [2, -1]]",[]
r18_t90_k6_w5,18,6,5,1,3,4,0,0,0,0,0,0,0,0,"[0, 1, 0, 1, 0, 0]","[1, 0, 0, 0, 2, 1]","[[2, -2], [1, -2]]","[[-1, 0], [-1, 1]]"
r18_t90_k6_w5,18,6,5,2,5,6,0,0,0,0,0,0,0,0,"[0, 1, 1, 2, 0, 0]","[2, 0, 0, 1, 2, 1]","[[0, -2], [0, 2]]","[[-2, 0], [-2, 1]]"
r18_t90_k6_w5,18,6,5,3,7,8,3,0,2,0,1,0,4,0,"[0, 2, 1, 3, 0, 0]","[4, 0, 0, 1, 2, 1]","[[1, 1], [3, 0]]","[[-2, 2], [-2, -1]]"
r18_t90_k6_w5,18,6,5,4,9,10,5,6,3,3,2,1,7,7,"[0, 2, 2, 4, 0, 0]","[4, 0, 0, 1, 2, 3]","[[3, -1], [3, -2]]","[[-3, 0], [-3, 1]]"
r18_t90_k6_w5,18,6,5,5,11,12,10,12,3,3,4,3,14,15,"[0, 3, 3, 4, 0, 0]","[4, 0, 0, 1, 4, 3]","[[3, -3], [2, -3]]","[[-3, 2], [-3, 3]]"
r18_t90_k6_w5,18,6,5,6,13,14,11,14,3,3,5,3,14,17,"[0, 4, 3, 5, 0, 0]","[4, 0, 0, 2, 5, 3]","[[1, -3], [0, -3]]","[[-2, 3], [-2, -2]]"
r18_t90_k6_w5,18,6,5,7,15,16,13,15,3,3,7,4,14,19,"[0, 4, 3, 7, 0, 0]","[6, 0, 0, 2, 5, 3]","[[0, 3], [1, 2]]","[[-3, -1], [-4, 0]]"
r18_t90_k6_w5,18,6,5,8,17,18,15,19,3,3,8,5,17,22,"[0, 4, 5, 7, 0, 0]","[8, 0, 0, 2, 5, 3]","[[2, 1], [4, 0]]","[[-4, 1], [-4, 2]]"
r18_t90_k6_w5,18,6,5,9,19,20,22,21,3,3,12,9,24,23,"[0, 5, 6, 7, 0, 0]","[8, 0, 0, 2, 5, 5]","[[4, -1], [4, -2]]","[[-4, 3], [-4, 4]]"
r18_t90_k6_w5,18,6,5,10,21,22,22,24,3,3,12,11,24,25,"[0, 7, 6, 7, 0, 0]","[8, 0, 0, 2, 6, 6]","[[4, -3], [4, -4]]","[[-3, 4], [-2, 4]]"
r18_t90_k6_w5,18,6,5,11,23,24,23,25,3,3,13,12,26,25,"[0, 7, 6, 8, 1, 0]","[8, 0, 0, 2, 8, 6]","[[3, -4], [2, -4]]","[[1, -5], [0, -5]]"
r18_t90_k6_w5,18,6,5,12,25,26,23,24,3,3,13,12,26,24,"[0, 7, 6, 10, 1, 0]","[10, 0, 0, 2, 8, 6]","[[0, 4], [1, 3]]","[[-1, -4], [-2, -3]]"
r18_t90_k6_w5,18,6,5,13,27,28,26,28,3,3,13,13,28,27,"[0, 7, 6, 12, 1, 0]","[12, 0, 0, 2, 8, 6]","[[2, 2], [3, 1]]","[[-3, -2], [-4, -1]]"
r18_t90_k6_w5,18,6,5,14,29,30,29,33,3,3,15,13,31,32,"[0, 7, 7, 13, 1, 0]","[13, 0, 0, 2, 8, 7]","[[5, 0], [5, -1]]","[[-5, 0], [-5, 1]]"
r18_t90_k6_w5,18,6,5,15,31,32,40,36,3,3,14,15,41,37,"[0, 7, 9, 13, 1, 0]","[13, 0, 0, 2, 8, 9]","[[5, -2], [5, -3]]","[[-5, 2], [-5, 3]]"
r18_t90_k6_w5,18,6,5,16,33,34,44,45,3,3,17,15,44,44,"[0, 8, 10, 13, 1, 0]","[13, 0, 0, 2, 9, 10]","[[5, -4], [5, -5]]","[[-5, 4], [-5, 5]]"
r18_t90_k6_w5,18,6,5,17,35,36,44,49,3,3,17,13,44,46,"[0, 10, 10, 13, 1, 0]","[13, 0, 0, 2, 11, 10]","[[4, -5], [3, -5]]","[[-4, 5], [-3, 5]]"
r18_t90_k6_w5,18,6,5,18,37,38,44,50,3,3,17,13,44,47,"[0, 10, 10, 13, 3, 0]","[14, 1, 0, 2, 11, 10]","[[-1, 5], [0, 5]]","[[2, -6], [1, -6]]"
r18_t90_k6_w5,18,6,5,19,39,40,44,53,3,3,17,12,44,49,"[0, 10, 10, 15, 3, 0]","[16, 1, 0, 2, 11, 10]","[[1, 4], [2, 3]]","[[0, -6], [-1, -5]]"
r18_t90_k6_w5,18,6,5,20,41,42,47,60,3,3,16,11,46,53,"[0, 10, 10, 17, 3, 0]","[18, 1, 0, 2, 11, 10]","[[3, 2], [4, 1]]","[[-2, -4], [-3, -3]]"
r18_t90_k6_w5,18,6,5,21,43,44,50,62,3,3,16,14,48,54,"[0, 10, 10, 19, 3, 0]","[19, 1, 0, 2, 11, 11]","[[6, 0], [6, -1]]","[[-4, -2], [-5, -1]]"
r18_t90_k6_w5,18,6,5,22,45,46,51,65,3,3,18,14,50,56,"[0, 10, 11, 20, 3, 0]","[19, 1, 0, 2, 11, 13]","[[6, -2], [6, -3]]","[[-6, 0], [-6, 1]]"
r18_t90_k6_w5,18,6,5,23,47,48,56,68,3,3,21,15,51,56,"[0, 10, 13, 20, 3, 0]","[19, 1, 0, 2, 11, 15]","[[6, -4], [6, -5]]","[[-6, 2], [-6, 3]]"
r18_t90_k6_w5,18,6,5,24,49,50,59,68,3,3,22,18,52,58,"[0, 10, 15, 20, 3, 0]","[19, 1, 0, 2, 13, 15]","[[6, -6], [5, -6]]","[[-6, 4], [-6, 5]]"
r18_t90_k6_w5,18,6,5,25,51,52,62,68,3,3,21,19,53,58,"[0, 12, 15, 20, 3, 0]","[19, 2, 0, 2, 14, 15]","[[4, -6], [-2, 6]]","[[-6, 6], [-5, 6]]"
r18_t90_k6_w5,18,6,5,26,53,54,62,68,3,3,21,20,53,57,"[0, 13, 15, 20, 4, 0]","[20, 3, 0, 2, 14, 15]","[[-1, 6], [0, 6]]","[[-4, 6], [3, -7]]"
r18_t90_k6_w5,18,6,5,27,55,56,62,68,3,3,21,21,53,57,"[0, 13, 15, 20, 6, 0]","[22, 3, 0, 2, 14, 15]","[[1, 5], [2, 4]]","[[2, -7], [1, -7]]"
r18_t90_k6_w5,18,6,5,28,57,58,67,74,3,3,22,22,59,60,"[0, 13, 15, 22, 6, 0]","[24, 3, 0, 2, 14, 15]","[[3, 3], [4, 2]]","[[0, -7], [-1, -6]]"
r18_t90_k6_w5,18,6,5,29,59,60,72,72,3,3,19,22,61,60,"[0, 13, 15, 24, 6, 0]","[26, 3, 0, 2, 14, 15]","[[5, 1], [7, 0]]","[[-2, -5], [-3, -4]]"
r18_t90_k6_w5,18,6,5,30,61,62,74,73,3,3,18,24,61,62,"[0, 13, 15, 26, 6, 0]","[26, 3, 0, 2, 14, 17]","[[7, -1], [7, -2]]","[[-4, -3], [-5, -2]]"
r18_t90_k6_w5,18,6,5,31,63,64,75,76,3,3,21,23,63,63,"[0, 13, 15, 28, 6, 0]","[26, 3, 0, 2, 14, 19]","[[7, -3], [7, -4]]","[[-6, -1], [-7, 0]]"
r18_t90_k6_w5,18,6,5,32,65,66,75,77,3,3,22,22,64,63,"[0, 13, 17, 28, 6, 0]","[26, 3, 0, 2, 14, 21]","[[7, -5], [7, -6]]","[[-7, 1], [-7, 2]]"
r18_t90_k6_w5,18,6,5,33,67,68,77,78,3,3,20,24,64,65,"[0, 13, 19, 28, 6, 0]","[26, 3, 0, 2, 16, 21]","[[7, -7], [6, -7]]","[[-7, 3], [-7, 4]]"
r18_t90_k6_w5,18,6,5,34,69,70,76,78,3,3,19,24,62,65,"[0, 13, 21, 28, 6, 0]","[26, 4, 0, 2, 17, 21]","[[5, -7], [-3, 7]]","[[-7, 5], [-7, 6]]"
r18_t90_k6_w5,18,6,5,35,71,72,76,78,3,3,22,24,64,65,"[0, 15, 21, 28, 6, 0]","[26, 6, 0, 2, 17, 21]","[[-2, 7], [-1, 7]]","[[-7, 7], [-6, 7]]"
r18_t90_k6_w5,18,6,5,36,73,74,80,81,3,3,20,24,66,68,"[0, 16, 21, 28, 7, 0]","[28, 6, 0, 2, 17, 21]","[[0, 7], [1, 6]]","[[-5, 7], [4, -8]]"
r18_t90_k6_w5,18,6,5,37,75,76,80,88,3,3,20,20,66,70,"[0, 16, 21, 28, 9, 0]","[30, 6, 0, 2, 17, 21]","[[2, 5], [3, 4]]","[[3, -8], [2, -8]]"
r18_t90_k6_w5,18,6,5,38,77,78,88,88,3,3,23,22,75,69,"[0, 16, 21, 29, 10, 0]","[32, 6, 0, 2, 17, 21]","[[4, 3], [5, 2]]","[[1, -8], [0, -8]]"
r18_t90_k6_w5,18,6,5,39,79,80,92,87,3,3,23,21,76,69,"[0, 16, 21, 31, 10, 0]","[34, 6, 0, 2, 17, 21]","[[6, 1], [8, 0]]","[[-1, -7], [-2, -6]]"
r18_t90_k6_w5,18,6,5,40,81,82,97,88,3,3,21,23,77,71,"[0, 16, 21, 33, 10, 0]","[34, 6, 0, 2, 17, 23]","[[8, -1], [8, -2]]","[[-3, -5], [-4, -4]]"
r18_t90_k6_w5,18,6,5,41,83,84,99,91,3,3,21,23,77,72,"[0, 16, 21, 35, 10, 0]","[34, 6, 0, 2, 17, 25]","[[8, -3], [8, -4]]","[[-5, -3], [-6, -2]]"
r18_t90_k6_w5,18,6,5,42,85,86,100,90,3,3,22,23,78,72,"[0, 16, 21, 37, 10, 0]","[34, 6, 0, 2, 17, 27]","[[8, -5], [8, -6]]","[[-7, -1], [-8, 0]]"
r18_t90_k6_w5,18,6,5,43,87,88,100,93,3,3,23,22,79,73,"[0, 16, 23, 37, 10, 0]","[34, 6, 0, 2, 18, 28]","[[8, -7], [8, -8]]","[[-8, 1], [-8, 2]]"
r18_t90_k6_w5,18,6,5,44,89,90,101,93,3,3,22,23,78,74,"[0, 16, 25, 37, 10, 0]","[34, 6, 0, 2, 20, 28]","[[7, -8], [6, -8]]","[[-8, 3], [-8, 4]]"
r18_t90_k6_w5,18,6,5,45,91,92,99,93,3,3,22,23,77,74,"[0, 16, 27, 37, 10, 0]","[34, 8, 0, 2, 20, 28]","[[-4, 8], [-3, 8]]","[[-8, 5], [-8, 6]]"
r18_t90_k6_w5,18,6,5,46,93,94,102,99,3,3,21,21,78,78,"[0, 17, 28, 37, 10, 0]","[34, 10, 0, 2, 20, 28]","[[-2, 8], [-1, 8]]","[[-8, 7], [-8, 8]]"
r18_t90_k6_w5,18,6,5,47,95,96,101,99,3,3,23,25,79,79,"[0, 19, 28, 37, 10, 0]","[36, 10, 0, 2, 20, 28]","[[0, 8], [1, 7]]","[[-7, 8], [-6, 8]]"
r18_t90_k6_w5,18,6,5,48,97,98,102,101,3,3,24,26,79,79,"[0, 19, 28, 37, 12, 0]","[38, 10, 0, 2, 20, 28]","[[2, 6], [3, 5]]","[[5, -9], [4, -9]]"
r18_t90_k6_w5,18,6,5,49,99,100,107,100,3,3,23,27,82,79,"[0, 19, 28, 37, 14, 0]","[40, 10, 0, 2, 20, 28]","[[4, 4], [5, 3]]","[[3, -9], [2, -9]]"
r18_t90_k6_w5,18,6,5,50,101,102,109,99,3,3,27,25,84,78,"[0, 19, 28, 38, 15, 0]","[42, 10, 0, 2, 20, 28]","[[6, 2], [7, 1]]","[[1, -9], [0, -9]]"
r18_t90_k6_w5,18,6,5,51,103,104,108,100,3,3,28,26,85,79,"[0, 19, 28, 40, 15, 0]","[43, 10, 0, 2, 20, 29]","[[9, 0], [9, -1]]","[[-1, -8], [-2, -7]]"
r18_t90_k6_w5,18,6,5,52,105,106,110,103,3,3,27,26,85,81,"[0, 19, 28, 42, 15, 0]","[43, 10, 0, 2, 20, 31]","[[9, -2], [9, -3]]","[[-3, -6], [-4, -5]]"
r18_t90_k6_w5,18,6,5,53,107,108,108,103,3,3,28,27,85,81,"[0, 19, 28, 44, 15, 0]","[43, 10, 0, 2, 20, 33]","[[9, -4], [9, -5]]","[[-5, -4], [-6, -3]]"
r18_t90_k6_w5,18,6,5,54,109,110,108,102,3,3,27,27,85,81,"[0, 19, 28, 46, 15, 0]","[43, 10, 0, 2, 20, 35]","[[9, -6], [9, -7]]","[[-7, -2], [-8, -1]]"
r18_t90_k6_w5,18,6,5,55,111,112,109,105,3,3,29,26,87,82,"[0, 19, 29, 47, 15, 0]","[43, 10, 0, 2, 21, 36]","[[9, -8], [9, -9]]","[[-9, 0], [-9, 1]]"
r18_t90_k6_w5,18,6,5,56,113,114,111,105,3,3,27,27,86,83,"[0, 19, 31, 47, 15, 0]","[43, 10, 0, 2, 23, 36]","[[8, -9], [7, -9]]","[[-9, 2], [-9, 3]]"
r18_t90_k6_w5,18,6,5,57,115,116,109,105,3,3,28,27,85,83,"[0, 19, 33, 47, 15, 0]","[43, 12, 0, 2, 23, 36]","[[-5, 9], [-4, 9]]","[[-9, 4], [-9, 5]]"
r18_t90_k6_w5,18,6,5,58,117,118,108,110,3,3,28,26,85,86,"[0, 19, 35, 47, 15, 0]","[43, 14, 0, 2, 23, 36]","[[-3, 9], [-2, 9]]","[[-9, 6], [-9, 7]]"
r18_t90_k6_w5,18,6,5,59,119,120,111,111,3,3,27,29,86,88,"[0, 20, 36, 47, 15, 0]","[44, 15, 0, 2, 23, 36]","[[-1, 9], [0, 9]]","[[-9, 8], [-9, 9]]"
r18_t90_k6_w5,18,6,5,60,121,122,111,110,3,3,28,30,87,88,"[0, 22, 36, 47, 15, 0]","[46, 15, 0, 2, 23, 36]","[[1, 8], [2, 7]]","[[-8, 9], [-7, 9]]"
r18_t90_k6_w5,18,6,5,61,123,124,111,111,3,3,28,29,87,87,"[0, 22, 36, 47, 17, 0]","[48, 15, 0, 2, 23, 36]","[[3, 6], [4, 5]]","[[6, -10], [5, -10]]"
r18_t90_k6_w5,18,6,5,62,125,126,116,111,3,3,27,29,90,87,"[0, 22, 36, 47, 19, 0]","[50, 15, 0, 2, 23, 36]","[[5, 4], [6, 3]]","[[4, -10], [3, -10]]"
r18_t90_k6_w5,18,6,5,63,127,128,116,110,3,3,29,27,91,86,"[0, 22, 36, 47, 21, 0]","[52, 15, 0, 2, 23, 36]","[[7, 2], [8, 1]]","[[2, -10], [1, -10]]"
r18_t90_k6_w5,18,6,5,64,129,130,117,111,3,3,31,28,93,87,"[0, 22, 36, 49, 21, 0]","[53, 15, 0, 2, 23, 37]","[[10, 0], [10, -1]]","[[0, -10], [-1, -9]]"
r18_t90_k6_w5,18,6,5,65,131,132,120,114,3,3,29,28,93,89,"[0, 22, 36, 51, 21, 0]","[53, 15, 0, 2, 23, 39]","[[10, -2], [10, -3]]","[[-2, -8], [-3, -7]]"
r18_t90_k6_w5,18,6,5,66,133,134,119,114,3,3,30,29,93,89,"[0, 22, 36, 53, 21, 0]","[53, 15, 0, 2, 23, 41]","[[10, -4], [10, -5]]","[[-4, -6], [-5, -5]]"
r18_t90_k6_w5,18,6,5,67,135,136,119,114,3,3,30,28,93,89,"[0, 22, 36, 55, 21, 0]","[53, 15, 0, 2, 23, 43]","[[10, -6], [10, -7]]","[[-6, -4], [-7, -3]]"
r18_t90_k6_w5,18,6,5,68,137,138,119,115,3,3,29,27,93,89,"[0, 22, 36, 57, 21, 0]","[53, 15, 0, 2, 23, 45]","[[10, -8], [10, -9]]","[[-8, -2], [-9, -1]]"
r18_t90_k6_w5,18,6,5,69,139,140,120,116,3,3,31,29,95,91,"[0, 22, 37, 58, 21, 0]","[53, 15, 0, 2, 25, 45]","[[10, -10], [9, -10]]","[[-10, 0], [-10, 1]]"
r18_t90_k6_w5,18,6,5,70,141,142,121,116,3,3,29,29,93,91,"[0, 22, 39, 58, 21, 0]","[53, 16, 0, 2, 26, 45]","[[8, -10], [-6, 10]]","[[-10, 2], [-10, 3]]"
r18_t90_k6_w5,18,6,5,71,143,144,120,116,3,3,30,29,93,91,"[0, 22, 41, 58, 21, 0]","[53, 18, 0, 2, 26, 45]","[[-5, 10], [-4, 10]]","[[-10, 4], [-10, 5]]"
r18_t90_k6_w5,18,6,5,72,145,146,120,121,3,3,29,30,93,95,"[0, 22, 43, 58, 21, 0]","[53, 20, 0, 2, 26, 45]","[[-3, 10], [-2, 10]]","[[-10, 6], [-10, 7]]"
r18_t90_k6_w5,18,6,5,73,147,148,121,122,3,3,28,31,93,96,"[0, 22, 45, 58, 21, 0]","[54, 21, 0, 2, 26, 45]","[[-1, 10], [0, 10]]","[[-10, 8], [-10, 9]]"
r18_t90_k6_w5,18,6,5,74,149,150,122,122,3,3,30,32,95,97,"[0, 24, 45, 58, 21, 0]","[56, 21, 0, 2, 26, 45]","[[1, 9], [2, 8]]","[[-10, 10], [-9, 10]]"
r18_t90_k6_w5,18,6,5,75,151,152,122,122,3,3,30,31,95,95,"[0, 25, 45, 58, 22, 0]","[58, 21, 0, 2, 26, 45]","[[3, 7], [4, 6]]","[[-8, 10], [7, -11]]"
r18_t90_k6_w5,18,6,5,76,153,154,122,122,3,3,30,31,95,95,"[0, 25, 45, 58, 24, 0]","[60, 21, 0, 2, 26, 45]","[[5, 5], [6, 4]]","[[6, -11], [5, -11]]"
r18_t90_k6_w5,18,6,5,77,155,156,127,122,3,3,32,30,99,94,"[0, 25, 45, 58, 26, 0]","[62, 21, 0, 2, 26, 45]","[[7, 3], [8, 2]]","[[4, -11], [3, -11]]"
r18_t90_k6_w5,18,6,5,78,157,158,127,121,3,3,31,29,99,94,"[0, 25, 45, 58, 28, 0]","[64, 21, 0, 2, 26, 45]","[[9, 1], [11, 0]]","[[2, -11], [1, -11]]"
r18_t90_k6_w5,18,6,5,79,159,160,128,122,3,3,33,31,101,96,"[0, 25, 45, 60, 28, 0]","[64, 21, 0, 2, 26, 47]","[[11, -1], [11, -2]]","[[0, -11], [-1, -10]]"
r18_t90_k6_w5,18,6,5,80,161,162,131,125,3,3,31,31,101,97,"[0, 25, 45, 62, 28, 0]","[64, 21, 0, 2, 26, 49]","[[11, -3], [11, -4]]","[[-2, -9], [-3, -8]]"
r18_t90_k6_w5,18,6,5,81,163,164,130,125,3,3,32,31,101,97,"[0, 25, 45, 64, 28, 0]","[64, 21, 0, 2, 26, 51]","[[11, -5], [11, -6]]","[[-4, -7], [-5, -6]]"
r18_t90_k6_w5,18,6,5,82,165,166,130,125,3,3,32,30,101,97,"[0, 25, 45, 66, 28, 0]","[64, 21, 0, 2, 26, 53]","[[11, -7], [11, -8]]","[[-6, -5], [-7, -4]]"
r18_t90_k6_w5,18,6,5,83,167,168,130,126,3,3,31,29,101,97,"[0, 25, 45, 68, 28, 0]","[64, 21, 0, 2, 26, 55]","[[11, -9], [11, -10]]","[[-8, -3], [-9, -2]]"
r18_t90_k6_w5,18,6,5,84,169,170,131,127,3,3,32,31,102,99,"[0, 25, 45, 70, 28, 0]","[64, 21, 0, 2, 28, 55]","[[11, -11], [10, -11]]","[[-10, -1], [-11, 0]]"
r18_t90_k6_w5,18,6,5,85,171,172,129,127,3,3,33,31,101,99,"[0, 25, 47, 70, 28, 0]","[64, 22, 0, 2, 29, 55]","[[9, -11], [-7, 11]]","[[-11, 1], [-11, 2]]"
r18_t90_k6_w5,18,6,5,86,173,174,131,127,3,3,32,31,101,99,"[0, 25, 49, 70, 28, 0]","[64, 24, 0, 2, 29, 55]","[[-6, 11], [-5, 11]]","[[-11, 3], [-11, 4]]"
r18_t90_k6_w5,18,6,5,87,175,176,131,132,3,3,32,33,101,103,"[0, 25, 51, 70, 28, 0]","[64, 26, 0, 2, 29, 55]","[[-4, 11], [-3, 11]]","[[-11, 5], [-11, 6]]"
r18_t90_k6_w5,18,6,5,88,177,178,131,132,3,3,31,32,101,103,"[0, 25, 53, 70, 28, 0]","[64, 28, 0, 2, 29, 55]","[[-2, 11], [-1, 11]]","[[-11, 7], [-11, 8]]"
r18_t90_k6_w5,18,6,5,89,179,180,132,133,3,3,30,34,101,105,"[0, 25, 55, 70, 28, 0]","[66, 28, 0, 2, 29, 55]","[[0, 11], [1, 10]]","[[-11, 9], [-11, 10]]"
