run,color,spiral_index,q,r,shell,sector
r18_t90_k6_w1,black,0,0,0,0,-1
r18_t90_k6_w1,black,17,0,2,2,0
r18_t90_k6_w1,black,19,3,0,3,0
r18_t90_k6_w1,black,28,-3,0,3,3
r18_t90_k6_w1,black,31,-3,3,3,1
r18_t90_k6_w1,black,34,0,3,3,0
r18_t90_k6_w1,black,49,-4,0,4,3
r18_t90_k6_w1,black,53,-4,4,4,1
r18_t90_k6_w1,black,71,0,-5,5,3
r18_t90_k6_w1,black,76,-5,0,5,3
r18_t90_k6_w1,black,78,-5,2,5,2
r18_t90_k6_w1,black,100,3,-6,6,4
r18_t90_k6_w1,black,103,0,-6,6,3
r18_t90_k6_w1,black,109,-6,0,6,3
r18_t90_k6_w1,black,111,-6,2,6,2
r18_t90_k6_w1,black,112,-6,3,6,2
r18_t90_k6_w1,black,124,3,3,6,0
r18_t90_k6_w1,black,138,3,-7,7,4
r18_t90_k6_w1,black,141,0,-7,7,3
r18_t90_k6_w1,black,143,-2,-5,7,3
r18_t90_k6_w1,black,146,-5,-2,7,3
r18_t90_k6_w1,black,165,3,4,7,0
r18_t90_k6_w1,black,169,8,0,8,0
r18_t90_k6_w1,black,185,0,-8,8,3
r18_t90_k6_w1,black,186,-1,-7,8,3
r18_t90_k6_w1,black,194,-8,1,8,2
r18_t90_k6_w1,black,195,-8,2,8,2
r18_t90_k6_w1,black,196,-8,3,8,2
r18_t90_k6_w1,black,197,-8,4,8,2
r18_t90_k6_w1,black,231,4,-9,9,4
r18_t90_k6_w1,black,232,3,-9,9,4
r18_t90_k6_w1,black,234,1,-9,9,4
r18_t90_k6_w1,black,235,0,-9,9,3
r18_t90_k6_w1,black,236,-1,-8,9,3
r18_t90_k6_w1,black,237,-2,-7,9,3
r18_t90_k6_w1,black,238,-3,-6,9,3
r18_t90_k6_w1,black,239,-4,-5,9,3
r18_t90_k6_w1,black,240,-5,-4,9,3
r18_t90_k6_w1,black,241,-6,-3,9,3
r18_t90_k6_w1,black,244,-9,0,9,3
r18_t90_k6_w1,black,262,0,9,9,0
r18_t90_k6_w1,black,286,5,-10,10,4
r18_t90_k6_w1,black,287,4,-10,10,4
r18_t90_k6_w1,black,288,3,-10,10,4
r18_t90_k6_w1,black,289,2,-10,10,4
r18_t90_k6_w1,black,290,1,-10,10,4
r18_t90_k6_w1,black,291,0,-10,10,3
r18_t90_k6_w1,black,292,-1,-9,10,3
r18_t90_k6_w1,black,293,-2,-8,10,3
r18_t90_k6_w1,black,294,-3,-7,10,3
r18_t90_k6_w1,black,295,-4,-6,10,3
r18_t90_k6_w1,black,296,-5,-5,10,3
r18_t90_k6_w1,black,297,-6,-4,10,3
r18_t90_k6_w1,black,299,-8,-2,10,3
r18_t90_k6_w1,black,301,-10,0,10,3
r18_t90_k6_w1,black,302,-10,1,10,2
r18_t90_k6_w1,black,321,0,10,10,0
r18_t90_k6_w1,black,348,5,-11,11,4
r18_t90_k6_w1,black,349,4,-11,11,4
r18_t90_k6_w1,black,350,3,-11,11,4
r18_t90_k6_w1,black,351,2,-11,11,4
r18_t90_k6_w1,black,352,1,-11,11,4
r18_t90_k6_w1,black,353,0,-11,11,3
r18_t90_k6_w1,black,354,-1,-10,11,3
r18_t90_k6_w1,black,355,-2,-9,11,3
r18_t90_k6_w1,black,356,-3,-8,11,3
r18_t90_k6_w1,black,357,-4,-7,11,3
r18_t90_k6_w1,black,358,-5,-6,11,3
r18_t90_k6_w1,black,359,-6,-5,11,3
r18_t90_k6_w1,black,361,-8,-3,11,3
r18_t90_k6_w1,black,362,-9,-2,11,3
r18_t90_k6_w1,black,364,-11,0,11,3
r18_t90_k6_w1,black,365,-11,1,11,2
r18_t90_k6_w1,black,366,-11,2,11,2
r18_t90_k6_w1,black,386,0,11,11,0
r18_t90_k6_w1,black,397,12,0,12,0
r18_t90_k6_w1,black,416,5,-12,12,4
r18_t90_k6_w1,black,417,4,-12,12,4
r18_t90_k6_w1,black,418,3,-12,12,4
r18_t90_k6_w1,black,419,2,-12,12,4
r18_t90_k6_w1,black,420,1,-12,12,4
r18_t90_k6_w1,black,421,0,-12,12,3
r18_t90_k6_w1,black,422,-1,-11,12,3
r18_t90_k6_w1,black,423,-2,-10,12,3
r18_t90_k6_w1,black,424,-3,-9,12,3
r18_t90_k6_w1,black,425,-4,-8,12,3
r18_t90_k6_w1,black,426,-5,-7,12,3
r18_t90_k6_w1,black,427,-6,-6,12,3
r18_t90_k6_w1,black,429,-8,-4,12,3
r18_t90_k6_w1,black,430,-9,-3,12,3
r18_t90_k6_w1,black,431,-10,-2,12,3
r18_t90_k6_w1,black,433,-12,0,12,3
r18_t90_k6_w1,black,434,-12,1,12,2
r18_t90_k6_w1,black,435,-12,2,12,2
r18_t90_k6_w1,black,436,-12,3,12,2
r18_t90_k6_w1,black,457,0,12,12,0
r18_t90_k6_w1,black,460,3,9,12,0
r18_t90_k6_w1,black,461,4,8,12,0
r18_t90_k6_w1,black,465,8,4,12,0
r18_t90_k6_w1,black,490,5,-13,13,4
r18_t90_k6_w1,black,491,4,-13,13,4
r18_t90_k6_w1,black,492,3,-13,13,4
r18_t90_k6_w1,black,493,2,-13,13,4
r18_t90_k6_w1,black,494,1,-13,13,4
r18_t90_k6_w1,black,495,0,-13,13,3
r18_t90_k6_w1,black,496,-1,-12,13,3
r18_t90_k6_w1,black,497,-2,-11,13,3
r18_t90_k6_w1,black,498,-3,-10,13,3
r18_t90_k6_w1,black,499,-4,-9,13,3
r18_t90_k6_w1,black,500,-5,-8,13,3
r18_t90_k6_w1,black,501,-6,-7,13,3
r18_t90_k6_w1,black,503,-8,-5,13,3
r18_t90_k6_w1,black,504,-9,-4,13,3
r18_t90_k6_w1,black,505,-10,-3,13,3
r18_t90_k6_w1,black,506,-11,-2,13,3
r18_t90_k6_w1,black,529,-5,13,13,1
r18_t90_k6_w1,black,530,-4,13,13,1
r18_t90_k6_w1,black,531,-3,13,13,1
r18_t90_k6_w1,black,532,-2,13,13,1
r18_t90_k6_w1,black,533,-1,13,13,1
r18_t90_k6_w1,black,534,0,13,13,0
r18_t90_k6_w1,black,566,9,-14,14,4
r18_t90_k6_w1,black,567,8,-14,14,4
r18_t90_k6_w1,black,568,7,-14,14,4
r18_t90_k6_w1,black,569,6,-14,14,4
r18_t90_k6_w1,black,570,5,-14,14,4
r18_t90_k6_w1,black,571,4,-14,14,4
r18_t90_k6_w1,black,572,3,-14,14,4
r18_t90_k6_w1,black,573,2,-14,14,4
r18_t90_k6_w1,black,574,1,-14,14,4
r18_t90_k6_w1,black,575,0,-14,14,3
r18_t90_k6_w1,black,576,-1,-13,14,3
r18_t90_k6_w1,black,577,-2,-12,14,3
r18_t90_k6_w1,black,578,-3,-11,14,3
r18_t90_k6_w1,black,579,-4,-10,14,3
r18_t90_k6_w1,black,580,-5,-9,14,3
r18_t90_k6_w1,black,581,-6,-8,14,3
r18_t90_k6_w1,black,582,-7,-7,14,3
r18_t90_k6_w1,black,612,-5,14,14,1
r18_t90_k6_w1,black,613,-4,14,14,1
r18_t90_k6_w1,black,614,-3,14,14,1
r18_t90_k6_w1,black,615,-2,14,14,1
r18_t90_k6_w1,black,616,-1,14,14,1
r18_t90_k6_w1,black,617,0,14,14,0
r18_t90_k6_w1,black,618,1,13,14,0
r18_t90_k6_w1,black,631,15,0,15,0
r18_t90_k6_w1,black,651,10,-15,15,4
r18_t90_k6_w1,black,652,9,-15,15,4
r18_t90_k6_w1,black,653,8,-15,15,4
r18_t90_k6_w1,black,654,7,-15,15,4
r18_t90_k6_w1,black,655,6,-15,15,4
r18_t90_k6_w1,black,656,5,-15,15,4
r18_t90_k6_w1,black,657,4,-15,15,4
r18_t90_k6_w1,black,658,3,-15,15,4
r18_t90_k6_w1,black,659,2,-15,15,4
r18_t90_k6_w1,black,660,1,-15,15,4
r18_t90_k6_w1,black,661,0,-15,15,3
r18_t90_k6_w1,black,662,-1,-14,15,3
r18_t90_k6_w1,black,663,-2,-13,15,3
r18_t90_k6_w1,black,664,-3,-12,15,3
r18_t90_k6_w1,black,665,-4,-11,15,3
r18_t90_k6_w1,black,666,-5,-10,15,3
r18_t90_k6_w1,black,667,-6,-9,15,3
r18_t90_k6_w1,black,668,-7,-8,15,3
r18_t90_k6_w1,black,669,-8,-7,15,3
r18_t90_k6_w1,black,701,-5,15,15,1
r18_t90_k6_w1,black,702,-4,15,15,1
r18_t90_k6_w1,black,703,-3,15,15,1
r18_t90_k6_w1,black,704,-2,15,15,1
r18_t90_k6_w1,black,705,-1,15,15,1
r18_t90_k6_w1,black,706,0,15,15,0
r18_t90_k6_w1,black,707,1,14,15,0
r18_t90_k6_w1,black,708,2,13,15,0
r18_t90_k6_w1,black,709,3,12,15,0
r18_t90_k6_w1,black,743,10,-16,16,4
r18_t90_k6_w1,black,744,9,-16,16,4
r18_t90_k6_w1,black,745,8,-16,16,4
r18_t90_k6_w1,black,746,7,-16,16,4
r18_t90_k6_w1,black,747,6,-16,16,4
r18_t90_k6_w1,white,8,2,-1,2,5
r18_t90_k6_w1,white,10,1,-2,2,4
r18_t90_k6_w1,white,12,-1,-1,2,3
r18_t90_k6_w1,white,14,-2,1,2,2
r18_t90_k6_w1,white,23,2,-3,3,4
r18_t90_k6_w1,white,24,1,-3,3,4
r18_t90_k6_w1,white,40,4,-3,4,5
r18_t90_k6_w1,white,43,2,-4,4,4
r18_t90_k6_w1,white,62,5,-1,5,5
r18_t90_k6_w1,white,65,5,-4,5,5
r18_t90_k6_w1,white,85,-1,5,5,1
r18_t90_k6_w1,white,90,4,1,5,0
r18_t90_k6_w1,white,92,6,-1,6,5
r18_t90_k6_w1,white,93,6,-2,6,5
r18_t90_k6_w1,white,95,6,-4,6,5
r18_t90_k6_w1,white,96,6,-5,6,5
r18_t90_k6_w1,white,119,-2,6,6,1
r18_t90_k6_w1,white,120,-1,6,6,1
r18_t90_k6_w1,white,129,7,-2,7,5
r18_t90_k6_w1,white,130,7,-3,7,5
r18_t90_k6_w1,white,132,7,-5,7,5
r18_t90_k6_w1,white,153,-7,5,7,2
r18_t90_k6_w1,white,154,-7,6,7,2
r18_t90_k6_w1,white,160,-2,7,7,1
r18_t90_k6_w1,white,177,8,-8,8,4
r18_t90_k6_w1,white,178,7,-8,8,4
r18_t90_k6_w1,white,179,6,-8,8,4
r18_t90_k6_w1,white,192,-7,-1,8,3
r18_t90_k6_w1,white,202,-7,8,8,1
r18_t90_k6_w1,white,210,1,7,8,0
r18_t90_k6_w1,white,211,2,6,8,0
r18_t90_k6_w1,white,219,9,-2,9,5
r18_t90_k6_w1,white,220,9,-3,9,5
r18_t90_k6_w1,white,221,9,-4,9,5
r18_t90_k6_w1,white,222,9,-5,9,5
r18_t90_k6_w1,white,223,9,-6,9,5
r18_t90_k6_w1,white,224,9,-7,9,5
r18_t90_k6_w1,white,225,9,-8,9,5
r18_t90_k6_w1,white,251,-9,7,9,2
r18_t90_k6_w1,white,252,-9,8,9,2
r18_t90_k6_w1,white,255,-7,9,9,1
r18_t90_k6_w1,white,256,-6,9,9,1
r18_t90_k6_w1,white,269,7,2,9,0
r18_t90_k6_w1,white,272,10,-1,10,5
r18_t90_k6_w1,white,274,10,-3,10,5
r18_t90_k6_w1,white,275,10,-4,10,5
r18_t90_k6_w1,white,276,10,-5,10,5
r18_t90_k6_w1,white,277,10,-6,10,5
r18_t90_k6_w1,white,278,10,-7,10,5
r18_t90_k6_w1,white,279,10,-8,10,5
r18_t90_k6_w1,white,280,10,-9,10,5
r18_t90_k6_w1,white,309,-10,8,10,2
r18_t90_k6_w1,white,310,-10,9,10,2
r18_t90_k6_w1,white,311,-10,10,10,1
r18_t90_k6_w1,white,312,-9,10,10,1
r18_t90_k6_w1,white,313,-8,10,10,1
r18_t90_k6_w1,white,314,-7,10,10,1
r18_t90_k6_w1,white,315,-6,10,10,1
r18_t90_k6_w1,white,330,9,1,10,0
r18_t90_k6_w1,white,332,11,-1,11,5
r18_t90_k6_w1,white,333,11,-2,11,5
r18_t90_k6_w1,white,335,11,-4,11,5
r18_t90_k6_w1,white,336,11,-5,11,5
r18_t90_k6_w1,white,337,11,-6,11,5
r18_t90_k6_w1,white,338,11,-7,11,5
r18_t90_k6_w1,white,339,11,-8,11,5
r18_t90_k6_w1,white,340,11,-9,11,5
r18_t90_k6_w1,white,341,11,-10,11,5
r18_t90_k6_w1,white,342,11,-11,11,4
r18_t90_k6_w1,white,373,-11,9,11,2
r18_t90_k6_w1,white,374,-11,10,11,2
r18_t90_k6_w1,white,375,-11,11,11,1
r18_t90_k6_w1,white,376,-10,11,11,1
r18_t90_k6_w1,white,377,-9,11,11,1
r18_t90_k6_w1,white,378,-8,11,11,1
r18_t90_k6_w1,white,379,-7,11,11,1
r18_t90_k6_w1,white,380,-6,11,11,1
r18_t90_k6_w1,white,392,6,5,11,0
r18_t90_k6_w1,white,395,9,2,11,0
r18_t90_k6_w1,white,396,10,1,11,0
r18_t90_k6_w1,white,403,12,-6,12,5
r18_t90_k6_w1,white,404,12,-7,12,5
r18_t90_k6_w1,white,405,12,-8,12,5
r18_t90_k6_w1,white,406,12,-9,12,5
r18_t90_k6_w1,white,407,12,-10,12,5
r18_t90_k6_w1,white,408,12,-11,12,5
r18_t90_k6_w1,white,409,12,-12,12,4
r18_t90_k6_w1,white,410,11,-12,12,4
r18_t90_k6_w1,white,442,-12,9,12,2
r18_t90_k6_w1,white,443,-12,10,12,2
r18_t90_k6_w1,white,444,-12,11,12,2
r18_t90_k6_w1,white,445,-12,12,12,1
r18_t90_k6_w1,white,446,-11,12,12,1
r18_t90_k6_w1,white,447,-10,12,12,1
r18_t90_k6_w1,white,448,-9,12,12,1
r18_t90_k6_w1,white,449,-8,12,12,1
r18_t90_k6_w1,white,450,-7,12,12,1
r18_t90_k6_w1,white,451,-6,12,12,1
r18_t90_k6_w1,white,471,13,-2,13,5
r18_t90_k6_w1,white,472,13,-3,13,5
r18_t90_k6_w1,white,473,13,-4,13,5
r18_t90_k6_w1,white,475,13,-6,13,5
r18_t90_k6_w1,white,476,13,-7,13,5
r18_t90_k6_w1,white,477,13,-8,13,5
r18_t90_k6_w1,white,478,13,-9,13,5
r18_t90_k6_w1,white,479,13,-10,13,5
r18_t90_k6_w1,white,480,13,-11,13,5
r18_t90_k6_w1,white,481,13,-12,13,5
r18_t90_k6_w1,white,482,13,-13,13,4
r18_t90_k6_w1,white,483,12,-13,13,4
r18_t90_k6_w1,white,484,11,-13,13,4
r18_t90_k6_w1,white,513,-13,5,13,2
r18_t90_k6_w1,white,518,-13,10,13,2
r18_t90_k6_w1,white,519,-13,11,13,2
r18_t90_k6_w1,white,520,-13,12,13,2
r18_t90_k6_w1,white,521,-13,13,13,1
r18_t90_k6_w1,white,522,-12,13,13,1
r18_t90_k6_w1,white,523,-11,13,13,1
r18_t90_k6_w1,white,540,6,7,13,0
r18_t90_k6_w1,white,541,7,6,13,0
r18_t90_k6_w1,white,544,10,3,13,0
r18_t90_k6_w1,white,545,11,2,13,0
r18_t90_k6_w1,white,548,14,-1,14,5
r18_t90_k6_w1,white,550,14,-3,14,5
r18_t90_k6_w1,white,551,14,-4,14,5
r18_t90_k6_w1,white,552,14,-5,14,5
r18_t90_k6_w1,white,553,14,-6,14,5
r18_t90_k6_w1,white,554,14,-7,14,5
r18_t90_k6_w1,white,555,14,-8,14,5
r18_t90_k6_w1,white,556,14,-9,14,5
r18_t90_k6_w1,white,557,14,-10,14,5
r18_t90_k6_w1,white,558,14,-11,14,5
r18_t90_k6_w1,white,559,14,-12,14,5
r18_t90_k6_w1,white,560,14,-13,14,5
r18_t90_k6_w1,white,588,-13,-1,14,3
r18_t90_k6_w1,white,595,-14,6,14,2
r18_t90_k6_w1,white,596,-14,7,14,2
r18_t90_k6_w1,white,597,-14,8,14,2
r18_t90_k6_w1,white,598,-14,9,14,2
r18_t90_k6_w1,white,599,-14,10,14,2
r18_t90_k6_w1,white,600,-14,11,14,2
r18_t90_k6_w1,white,601,-14,12,14,2
r18_t90_k6_w1,white,602,-14,13,14,2
r18_t90_k6_w1,white,603,-14,14,14,1
r18_t90_k6_w1,white,604,-13,14,14,1
r18_t90_k6_w1,white,605,-12,14,14,1
r18_t90_k6_w1,white,606,-11,14,14,1
r18_t90_k6_w1,white,624,7,7,14,0
r18_t90_k6_w1,white,626,9,5,14,0
r18_t90_k6_w1,white,628,11,3,14,0
r18_t90_k6_w1,white,630,13,1,14,0
r18_t90_k6_w1,white,637,15,-6,15,5
r18_t90_k6_w1,white,638,15,-7,15,5
r18_t90_k6_w1,white,639,15,-8,15,5
r18_t90_k6_w1,white,640,15,-9,15,5
r18_t90_k6_w1,white,641,15,-10,15,5
r18_t90_k6_w1,white,642,15,-11,15,5
r18_t90_k6_w1,white,643,15,-12,15,5
r18_t90_k6_w1,white,644,15,-13,15,5
r18_t90_k6_w1,white,645,15,-14,15,5
r18_t90_k6_w1,white,675,-14,-1,15,3
r18_t90_k6_w1,white,683,-15,7,15,2
r18_t90_k6_w1,white,684,-15,8,15,2
r18_t90_k6_w1,white,685,-15,9,15,2
r18_t90_k6_w1,white,686,-15,10,15,2
r18_t90_k6_w1,white,687,-15,11,15,2
r18_t90_k6_w1,white,688,-15,12,15,2
r18_t90_k6_w1,white,689,-15,13,15,2
r18_t90_k6_w1,white,690,-15,14,15,2
r18_t90_k6_w1,white,691,-15,15,15,1
r18_t90_k6_w1,white,692,-14,15,15,1
r18_t90_k6_w1,white,693,-13,15,15,1
r18_t90_k6_w1,white,694,-12,15,15,1
r18_t90_k6_w1,white,695,-11,15,15,1
r18_t90_k6_w1,white,715,9,6,15,0
r18_t90_k6_w1,white,723,16,-2,16,5
r18_t90_k6_w1,white,724,16,-3,16,5
r18_t90_k6_w1,white,726,16,-5,16,5
r18_t90_k6_w1,white,727,16,-6,16,5
r18_t90_k6_w1,white,728,16,-7,16,5
r18_t90_k6_w2,black,0,0,0,0,-1
r18_t90_k6_w2,black,17,0,2,2,0
r18_t90_k6_w2,black,19,3,0,3,0
r18_t90_k6_w2,black,28,-3,0,3,3
r18_t90_k6_w2,black,31,-3,3,3,1
r18_t90_k6_w2,black,34,0,3,3,0
r18_t90_k6_w2,black,49,-4,0,4,3
r18_t90_k6_w2,black,53,-4,4,4,1
r18_t90_k6_w2,black,54,-3,4,4,1
r18_t90_k6_w2,black,56,-1,4,4,1
r18_t90_k6_w2,black,57,0,4,4,0
r18_t90_k6_w2,black,76,-5,0,5,3
r18_t90_k6_w2,black,78,-5,2,5,2
r18_t90_k6_w2,black,81,-5,5,5,1
r18_t90_k6_w2,black,82,-4,5,5,1
r18_t90_k6_w2,black,83,-3,5,5,1
r18_t90_k6_w2,black,85,-1,5,5,1
r18_t90_k6_w2,black,107,-4,-2,6,3
r18_t90_k6_w2,black,109,-6,0,6,3
r18_t90_k6_w2,black,111,-6,2,6,2
r18_t90_k6_w2,black,112,-6,3,6,2
r18_t90_k6_w2,black,113,-6,4,6,2
r18_t90_k6_w2,black,115,-6,6,6,1
r18_t90_k6_w2,black,116,-5,6,6,1
r18_t90_k6_w2,black,117,-4,6,6,1
r18_t90_k6_w2,black,118,-3,6,6,1
r18_t90_k6_w2,black,119,-2,6,6,1
r18_t90_k6_w2,black,120,-1,6,6,1
r18_t90_k6_w2,black,121,0,6,6,0
r18_t90_k6_w2,black,144,-3,-4,7,3
r18_t90_k6_w2,black,145,-4,-3,7,3
r18_t90_k6_w2,black,146,-5,-2,7,3
r18_t90_k6_w2,black,147,-6,-1,7,3
r18_t90_k6_w2,black,148,-7,0,7,3
r18_t90_k6_w2,black,149,-7,1,7,2
r18_t90_k6_w2,black,150,-7,2,7,2
r18_t90_k6_w2,black,151,-7,3,7,2
r18_t90_k6_w2,black,152,-7,4,7,2
r18_t90_k6_w2,black,153,-7,5,7,2
r18_t90_k6_w2,black,154,-7,6,7,2
r18_t90_k6_w2,black,155,-7,7,7,1
r18_t90_k6_w2,black,156,-6,7,7,1
r18_t90_k6_w2,black,157,-5,7,7,1
r18_t90_k6_w2,black,158,-4,7,7,1
r18_t90_k6_w2,black,159,-3,7,7,1
r18_t90_k6_w2,black,160,-2,7,7,1
r18_t90_k6_w2,black,161,-1,7,7,1
r18_t90_k6_w2,black,162,0,7,7,0
r18_t90_k6_w2,black,189,-4,-4,8,3
r18_t90_k6_w2,black,190,-5,-3,8,3
r18_t90_k6_w2,black,191,-6,-2,8,3
r18_t90_k6_w2,black,192,-7,-1,8,3
r18_t90_k6_w2,black,193,-8,0,8,3
r18_t90_k6_w2,black,194,-8,1,8,2
r18_t90_k6_w2,black,195,-8,2,8,2
r18_t90_k6_w2,black,196,-8,3,8,2
r18_t90_k6_w2,black,197,-8,4,8,2
r18_t90_k6_w2,black,198,-8,5,8,2
r18_t90_k6_w2,black,199,-8,6,8,2
r18_t90_k6_w2,black,200,-8,7,8,2
r18_t90_k6_w2,black,201,-8,8,8,1
r18_t90_k6_w2,black,202,-7,8,8,1
r18_t90_k6_w2,black,203,-6,8,8,1
r18_t90_k6_w2,black,204,-5,8,8,1
r18_t90_k6_w2,black,205,-4,8,8,1
r18_t90_k6_w2,black,206,-3,8,8,1
r18_t90_k6_w2,black,207,-2,8,8,1
r18_t90_k6_w2,black,208,-1,8,8,1
r18_t90_k6_w2,black,209,0,8,8,0
r18_t90_k6_w2,black,240,-5,-4,9,3
r18_t90_k6_w2,black,241,-6,-3,9,3
r18_t90_k6_w2,black,242,-7,-2,9,3
r18_t90_k6_w2,black,243,-8,-1,9,3
r18_t90_k6_w2,black,244,-9,0,9,3
r18_t90_k6_w2,black,245,-9,1,9,2
r18_t90_k6_w2,black,246,-9,2,9,2
r18_t90_k6_w2,black,247,-9,3,9,2
r18_t90_k6_w2,black,248,-9,4,9,2
r18_t90_k6_w2,black,249,-9,5,9,2
r18_t90_k6_w2,black,250,-9,6,9,2
r18_t90_k6_w2,black,251,-9,7,9,2
r18_t90_k6_w2,black,252,-9,8,9,2
r18_t90_k6_w2,black,253,-9,9,9,1
r18_t90_k6_w2,black,254,-8,9,9,1
r18_t90_k6_w2,black,255,-7,9,9,1
r18_t90_k6_w2,black,256,-6,9,9,1
r18_t90_k6_w2,black,257,-5,9,9,1
r18_t90_k6_w2,black,258,-4,9,9,1
r18_t90_k6_w2,black,259,-3,9,9,1
r18_t90_k6_w2,black,260,-2,9,9,1
r18_t90_k6_w2,black,261,-1,9,9,1
r18_t90_k6_w2,black,295,-4,-6,10,3
r18_t90_k6_w2,black,296,-5,-5,10,3
r18_t90_k6_w2,black,297,-6,-4,10,3
r18_t90_k6_w2,black,298,-7,-3,10,3
r18_t90_k6_w2,black,299,-8,-2,10,3
r18_t90_k6_w2,black,300,-9,-1,10,3
r18_t90_k6_w2,black,301,-10,0,10,3
r18_t90_k6_w2,black,302,-10,1,10,2
r18_t90_k6_w2,black,303,-10,2,10,2
r18_t90_k6_w2,black,304,-10,3,10,2
r18_t90_k6_w2,black,305,-10,4,10,2
r18_t90_k6_w2,black,306,-10,5,10,2
r18_t90_k6_w2,black,307,-10,6,10,2
r18_t90_k6_w2,black,308,-10,7,10,2
r18_t90_k6_w2,black,309,-10,8,10,2
r18_t90_k6_w2,black,310,-10,9,10,2
r18_t90_k6_w2,black,311,-10,10,10,1
r18_t90_k6_w2,black,312,-9,10,10,1
r18_t90_k6_w2,black,313,-8,10,10,1
r18_t90_k6_w2,black,314,-7,10,10,1
r18_t90_k6_w2,black,315,-6,10,10,1
r18_t90_k6_w2,black,316,-5,10,10,1
r18_t90_k6_w2,black,317,-4,10,10,1
r18_t90_k6_w2,black,318,-3,10,10,1
r18_t90_k6_w2,black,319,-2,10,10,1
r18_t90_k6_w2,black,320,-1,10,10,1
r18_t90_k6_w2,black,321,0,10,10,0
r18_t90_k6_w2,black,356,-3,-8,11,3
r18_t90_k6_w2,black,357,-4,-7,11,3
r18_t90_k6_w2,black,358,-5,-6,11,3
r18_t90_k6_w2,black,359,-6,-5,11,3
r18_t90_k6_w2,black,360,-7,-4,11,3
r18_t90_k6_w2,black,361,-8,-3,11,3
r18_t90_k6_w2,black,362,-9,-2,11,3
r18_t90_k6_w2,black,363,-10,-1,11,3
r18_t90_k6_w2,black,364,-11,0,11,3
r18_t90_k6_w2,black,365,-11,1,11,2
r18_t90_k6_w2,black,366,-11,2,11,2
r18_t90_k6_w2,black,367,-11,3,11,2
r18_t90_k6_w2,black,368,-11,4,11,2
r18_t90_k6_w2,black,369,-11,5,11,2
r18_t90_k6_w2,black,370,-11,6,11,2
r18_t90_k6_w2,black,371,-11,7,11,2
r18_t90_k6_w2,black,372,-11,8,11,2
r18_t90_k6_w2,black,373,-11,9,11,2
r18_t90_k6_w2,black,374,-11,10,11,2
r18_t90_k6_w2,black,375,-11,11,11,1
r18_t90_k6_w2,black,376,-10,11,11,1
r18_t90_k6_w2,black,377,-9,11,11,1
r18_t90_k6_w2,black,378,-8,11,11,1
r18_t90_k6_w2,black,379,-7,11,11,1
r18_t90_k6_w2,black,380,-6,11,11,1
r18_t90_k6_w2,black,381,-5,11,11,1
r18_t90_k6_w2,black,382,-4,11,11,1
r18_t90_k6_w2,black,383,-3,11,11,1
r18_t90_k6_w2,black,384,-2,11,11,1
r18_t90_k6_w2,black,385,-1,11,11,1
r18_t90_k6_w2,black,386,0,11,11,0
r18_t90_k6_w2,black,425,-4,-8,12,3
r18_t90_k6_w2,black,426,-5,-7,12,3
r18_t90_k6_w2,black,427,-6,-6,12,3
r18_t90_k6_w2,black,428,-7,-5,12,3
r18_t90_k6_w2,black,429,-8,-4,12,3
r18_t90_k6_w2,black,430,-9,-3,12,3
r18_t90_k6_w2,black,431,-10,-2,12,3
r18_t90_k6_w2,black,432,-11,-1,12,3
r18_t90_k6_w2,black,433,-12,0,12,3
r18_t90_k6_w2,black,434,-12,1,12,2
r18_t90_k6_w2,black,435,-12,2,12,2
r18_t90_k6_w2,black,436,-12,3,12,2
r18_t90_k6_w2,black,437,-12,4,12,2
r18_t90_k6_w2,black,438,-12,5,12,2
r18_t90_k6_w2,black,439,-12,6,12,2
r18_t90_k6_w2,black,440,-12,7,12,2
r18_t90_k6_w2,black,441,-12,8,12,2
r18_t90_k6_w2,black,442,-12,9,12,2
r18_t90_k6_w2,black,443,-12,10,12,2
r18_t90_k6_w2,black,444,-12,11,12,2
r18_t90_k6_w2,black,445,-12,12,12,1
r18_t90_k6_w2,black,446,-11,12,12,1
r18_t90_k6_w2,black,447,-10,12,12,1
r18_t90_k6_w2,black,448,-9,12,12,1
r18_t90_k6_w2,black,449,-8,12,12,1
r18_t90_k6_w2,black,450,-7,12,12,1
r18_t90_k6_w2,black,451,-6,12,12,1
r18_t90_k6_w2,black,452,-5,12,12,1
r18_t90_k6_w2,black,453,-4,12,12,1
r18_t90_k6_w2,black,454,-3,12,12,1
r18_t90_k6_w2,white,8,2,-1,2,5
r18_t90_k6_w2,white,10,1,-2,2,4
r18_t90_k6_w2,white,12,-1,-1,2,3
r18_t90_k6_w2,white,14,-2,1,2,2
r18_t90_k6_w2,white,23,2,-3,3,4
r18_t90_k6_w2,white,24,1,-3,3,4
r18_t90_k6_w2,white,40,4,-3,4,5
r18_t90_k6_w2,white,43,2,-4,4,4
r18_t90_k6_w2,white,62,5,-1,5,5
r18_t90_k6_w2,white,64,5,-3,5,5
r18_t90_k6_w2,white,65,5,-4,5,5
r18_t90_k6_w2,white,66,5,-5,5,4
r18_t90_k6_w2,white,67,4,-5,5,4
r18_t90_k6_w2,white,68,3,-5,5,4
r18_t90_k6_w2,white,69,2,-5,5,4
r18_t90_k6_w2,white,70,1,-5,5,4
r18_t90_k6_w2,white,71,0,-5,5,3
r18_t90_k6_w2,white,90,4,1,5,0
r18_t90_k6_w2,white,92,6,-1,6,5
r18_t90_k6_w2,white,93,6,-2,6,5
r18_t90_k6_w2,white,95,6,-4,6,5
r18_t90_k6_w2,white,96,6,-5,6,5
r18_t90_k6_w2,white,97,6,-6,6,4
r18_t90_k6_w2,white,98,5,-6,6,4
r18_t90_k6_w2,white,99,4,-6,6,4
r18_t90_k6_w2,white,100,3,-6,6,4
r18_t90_k6_w2,white,101,2,-6,6,4
r18_t90_k6_w2,white,102,1,-6,6,4
r18_t90_k6_w2,white,126,5,1,6,0
r18_t90_k6_w2,white,128,7,-1,7,5
r18_t90_k6_w2,white,129,7,-2,7,5
r18_t90_k6_w2,white,130,7,-3,7,5
r18_t90_k6_w2,white,132,7,-5,7,5
r18_t90_k6_w2,white,133,7,-6,7,5
r18_t90_k6_w2,white,134,7,-7,7,4
r18_t90_k6_w2,white,135,6,-7,7,4
r18_t90_k6_w2,white,136,5,-7,7,4
r18_t90_k6_w2,white,137,4,-7,7,4
r18_t90_k6_w2,white,138,3,-7,7,4
r18_t90_k6_w2,white,139,2,-7,7,4
r18_t90_k6_w2,white,140,1,-7,7,4
r18_t90_k6_w2,white,167,5,2,7,0
r18_t90_k6_w2,white,168,6,1,7,0
r18_t90_k6_w2,white,169,8,0,8,0
r18_t90_k6_w2,white,170,8,-1,8,5
r18_t90_k6_w2,white,171,8,-2,8,5
r18_t90_k6_w2,white,172,8,-3,8,5
r18_t90_k6_w2,white,173,8,-4,8,5
r18_t90_k6_w2,white,174,8,-5,8,5
r18_t90_k6_w2,white,175,8,-6,8,5
r18_t90_k6_w2,white,176,8,-7,8,5
r18_t90_k6_w2,white,177,8,-8,8,4
r18_t90_k6_w2,white,178,7,-8,8,4
r18_t90_k6_w2,white,179,6,-8,8,4
r18_t90_k6_w2,white,180,5,-8,8,4
r18_t90_k6_w2,white,181,4,-8,8,4
r18_t90_k6_w2,white,182,3,-8,8,4
r18_t90_k6_w2,white,183,2,-8,8,4
r18_t90_k6_w2,white,214,5,3,8,0
r18_t90_k6_w2,white,215,6,2,8,0
r18_t90_k6_w2,white,216,7,1,8,0
r18_t90_k6_w2,white,217,9,0,9,0
r18_t90_k6_w2,white,218,9,-1,9,5
r18_t90_k6_w2,white,219,9,-2,9,5
r18_t90_k6_w2,white,220,9,-3,9,5
r18_t90_k6_w2,white,221,9,-4,9,5
r18_t90_k6_w2,white,222,9,-5,9,5
r18_t90_k6_w2,white,223,9,-6,9,5
r18_t90_k6_w2,white,224,9,-7,9,5
r18_t90_k6_w2,white,225,9,-8,9,5
r18_t90_k6_w2,white,226,9,-9,9,4
r18_t90_k6_w2,white,227,8,-9,9,4
r18_t90_k6_w2,white,228,7,-9,9,4
r18_t90_k6_w2,white,229,6,-9,9,4
r18_t90_k6_w2,white,230,5,-9,9,4
r18_t90_k6_w2,white,231,4,-9,9,4
r18_t90_k6_w2,white,232,3,-9,9,4
r18_t90_k6_w2,white,233,2,-9,9,4
r18_t90_k6_w2,white,234,1,-9,9,4
r18_t90_k6_w2,white,235,0,-9,9,3
r18_t90_k6_w2,white,266,4,5,9,0
r18_t90_k6_w2,white,267,5,4,9,0
r18_t90_k6_w2,white,268,6,3,9,0
r18_t90_k6_w2,white,269,7,2,9,0
r18_t90_k6_w2,white,270,8,1,9,0
r18_t90_k6_w2,white,271,10,0,10,0
r18_t90_k6_w2,white,272,10,-1,10,5
r18_t90_k6_w2,white,273,10,-2,10,5
r18_t90_k6_w2,white,274,10,-3,10,5
r18_t90_k6_w2,white,275,10,-4,10,5
r18_t90_k6_w2,white,276,10,-5,10,5
r18_t90_k6_w2,white,277,10,-6,10,5
r18_t90_k6_w2,white,278,10,-7,10,5
r18_t90_k6_w2,white,279,10,-8,10,5
r18_t90_k6_w2,white,280,10,-9,10,5
r18_t90_k6_w2,white,281,10,-10,10,4
r18_t90_k6_w2,white,282,9,-10,10,4
r18_t90_k6_w2,white,283,8,-10,10,4
r18_t90_k6_w2,white,284,7,-10,10,4
r18_t90_k6_w2,white,285,6,-10,10,4
r18_t90_k6_w2,white,286,5,-10,10,4
r18_t90_k6_w2,white,287,4,-10,10,4
r18_t90_k6_w2,white,288,3,-10,10,4
r18_t90_k6_w2,white,289,2,-10,10,4
r18_t90_k6_w2,white,290,1,-10,10,4
r18_t90_k6_w2,white,326,5,5,10,0
r18_t90_k6_w2,white,327,6,4,10,0
r18_t90_k6_w2,white,328,7,3,10,0
r18_t90_k6_w2,white,329,8,2,10,0
r18_t90_k6_w2,white,330,9,1,10,0
r18_t90_k6_w2,white,331,11,0,11,0
r18_t90_k6_w2,white,332,11,-1,11,5
r18_t90_k6_w2,white,333,11,-2,11,5
r18_t90_k6_w2,white,334,11,-3,11,5
r18_t90_k6_w2,white,335,11,-4,11,5
r18_t90_k6_w2,white,336,11,-5,11,5
r18_t90_k6_w2,white,337,11,-6,11,5
r18_t90_k6_w2,white,338,11,-7,11,5
r18_t90_k6_w2,white,339,11,-8,11,5
r18_t90_k6_w2,white,340,11,-9,11,5
r18_t90_k6_w2,white,341,11,-10,11,5
r18_t90_k6_w2,white,342,11,-11,11,4
r18_t90_k6_w2,white,343,10,-11,11,4
r18_t90_k6_w2,white,344,9,-11,11,4
r18_t90_k6_w2,white,345,8,-11,11,4
r18_t90_k6_w2,white,346,7,-11,11,4
r18_t90_k6_w2,white,347,6,-11,11,4
r18_t90_k6_w2,white,348,5,-11,11,4
r18_t90_k6_w2,white,349,4,-11,11,4
r18_t90_k6_w2,white,350,3,-11,11,4
r18_t90_k6_w2,white,351,2,-11,11,4
r18_t90_k6_w2,white,352,1,-11,11,4
r18_t90_k6_w2,white,391,5,6,11,0
r18_t90_k6_w2,white,392,6,5,11,0
r18_t90_k6_w2,white,393,7,4,11,0
r18_t90_k6_w2,white,394,8,3,11,0
r18_t90_k6_w2,white,395,9,2,11,0
r18_t90_k6_w2,white,396,10,1,11,0
r18_t90_k6_w2,white,397,12,0,12,0
r18_t90_k6_w2,white,398,12,-1,12,5
r18_t90_k6_w2,white,399,12,-2,12,5
r18_t90_k6_w2,white,400,12,-3,12,5
r18_t90_k6_w2,white,401,12,-4,12,5
r18_t90_k6_w2,white,402,12,-5,12,5
r18_t90_k6_w2,white,403,12,-6,12,5
r18_t90_k6_w2,white,404,12,-7,12,5
r18_t90_k6_w2,white,405,12,-8,12,5
r18_t90_k6_w2,white,406,12,-9,12,5
r18_t90_k6_w2,white,407,12,-10,12,5
r18_t90_k6_w2,white,408,12,-11,12,5
r18_t90_k6_w2,white,409,12,-12,12,4
r18_t90_k6_w2,white,410,11,-12,12,4
r18_t90_k6_w2,white,411,10,-12,12,4
r18_t90_k6_w2,white,412,9,-12,12,4
r18_t90_k6_w2,white,413,8,-12,12,4
r18_t90_k6_w2,white,414,7,-12,12,4
r18_t90_k6_w2,white,415,6,-12,12,4
r18_t90_k6_w2,white,416,5,-12,12,4
r18_t90_k6_w2,white,417,4,-12,12,4
r18_t90_k6_w2,white,418,3,-12,12,4
r18_t90_k6_w2,white,419,2,-12,12,4
r18_t90_k6_w2,white,462,5,7,12,0
r18_t90_k6_w2,white,463,6,6,12,0
r18_t90_k6_w2,white,464,7,5,12,0
r18_t90_k6_w2,white,465,8,4,12,0
r18_t90_k6_w2,white,466,9,3,12,0
r18_t90_k6_w2,white,467,10,2,12,0
r18_t90_k6_w2,white,468,11,1,12,0
r18_t90_k6_w2,white,469,13,0,13,0
r18_t90_k6_w2,white,470,13,-1,13,5
r18_t90_k6_w2,white,471,13,-2,13,5
r18_t90_k6_w2,white,472,13,-3,13,5
r18_t90_k6_w2,white,473,13,-4,13,5
r18_t90_k6_w2,white,474,13,-5,13,5
r18_t90_k6_w2,white,475,13,-6,13,5
r18_t90_k6_w2,white,476,13,-7,13,5
r18_t90_k6_w2,white,477,13,-8,13,5
r18_t90_k6_w2,white,478,13,-9,13,5
r18_t90_k6_w2,white,479,13,-10,13,5
r18_t90_k6_w2,white,480,13,-11,13,5
r18_t90_k6_w3,black,0,0,0,0,-1
r18_t90_k6_w3,black,17,0,2,2,0
r18_t90_k6_w3,black,19,3,0,3,0
r18_t90_k6_w3,black,28,-3,0,3,3
r18_t90_k6_w3,black,31,-3,3,3,1
r18_t90_k6_w3,black,33,-1,3,3,1
r18_t90_k6_w3,black,34,0,3,3,0
r18_t90_k6_w3,black,35,1,2,3,0
r18_t90_k6_w3,black,49,-4,0,4,3
r18_t90_k6_w3,black,53,-4,4,4,1
r18_t90_k6_w3,black,54,-3,4,4,1
r18_t90_k6_w3,black,56,-1,4,4,1
r18_t90_k6_w3,black,57,0,4,4,0
r18_t90_k6_w3,black,58,1,3,4,0
r18_t90_k6_w3,black,74,-3,-2,5,3
r18_t90_k6_w3,black,76,-5,0,5,3
r18_t90_k6_w3,black,78,-5,2,5,2
r18_t90_k6_w3,black,79,-5,3,5,2
r18_t90_k6_w3,black,81,-5,5,5,1
r18_t90_k6_w3,black,82,-4,5,5,1
r18_t90_k6_w3,black,83,-3,5,5,1
r18_t90_k6_w3,black,84,-2,5,5,1
r18_t90_k6_w3,black,85,-1,5,5,1
r18_t90_k6_w3,black,86,0,5,5,0
r18_t90_k6_w3,black,106,-3,-3,6,3
r18_t90_k6_w3,black,107,-4,-2,6,3
r18_t90_k6_w3,black,108,-5,-1,6,3
r18_t90_k6_w3,black,109,-6,0,6,3
r18_t90_k6_w3,black,110,-6,1,6,2
r18_t90_k6_w3,black,111,-6,2,6,2
r18_t90_k6_w3,black,112,-6,3,6,2
r18_t90_k6_w3,black,113,-6,4,6,2
r18_t90_k6_w3,black,114,-6,5,6,2
r18_t90_k6_w3,black,115,-6,6,6,1
r18_t90_k6_w3,black,116,-5,6,6,1
r18_t90_k6_w3,black,117,-4,6,6,1
r18_t90_k6_w3,black,118,-3,6,6,1
r18_t90_k6_w3,black,119,-2,6,6,1
r18_t90_k6_w3,black,120,-1,6,6,1
r18_t90_k6_w3,black,121,0,6,6,0
r18_t90_k6_w3,black,122,1,5,6,0
r18_t90_k6_w3,black,145,-4,-3,7,3
r18_t90_k6_w3,black,146,-5,-2,7,3
r18_t90_k6_w3,black,147,-6,-1,7,3
r18_t90_k6_w3,black,148,-7,0,7,3
r18_t90_k6_w3,black,149,-7,1,7,2
r18_t90_k6_w3,black,150,-7,2,7,2
r18_t90_k6_w3,black,151,-7,3,7,2
r18_t90_k6_w3,black,152,-7,4,7,2
r18_t90_k6_w3,black,153,-7,5,7,2
r18_t90_k6_w3,black,154,-7,6,7,2
r18_t90_k6_w3,black,155,-7,7,7,1
r18_t90_k6_w3,black,156,-6,7,7,1
r18_t90_k6_w3,black,157,-5,7,7,1
r18_t90_k6_w3,black,158,-4,7,7,1
r18_t90_k6_w3,black,159,-3,7,7,1
r18_t90_k6_w3,black,160,-2,7,7,1
r18_t90_k6_w3,black,161,-1,7,7,1
r18_t90_k6_w3,black,162,0,7,7,0
r18_t90_k6_w3,black,163,1,6,7,0
r18_t90_k6_w3,black,188,-3,-5,8,3
r18_t90_k6_w3,black,189,-4,-4,8,3
r18_t90_k6_w3,black,190,-5,-3,8,3
r18_t90_k6_w3,black,191,-6,-2,8,3
r18_t90_k6_w3,black,192,-7,-1,8,3
r18_t90_k6_w3,black,193,-8,0,8,3
r18_t90_k6_w3,black,194,-8,1,8,2
r18_t90_k6_w3,black,195,-8,2,8,2
r18_t90_k6_w3,black,196,-8,3,8,2
r18_t90_k6_w3,black,197,-8,4,8,2
r18_t90_k6_w3,black,198,-8,5,8,2
r18_t90_k6_w3,black,199,-8,6,8,2
r18_t90_k6_w3,black,200,-8,7,8,2
r18_t90_k6_w3,black,201,-8,8,8,1
r18_t90_k6_w3,black,202,-7,8,8,1
r18_t90_k6_w3,black,203,-6,8,8,1
r18_t90_k6_w3,black,204,-5,8,8,1
r18_t90_k6_w3,black,205,-4,8,8,1
r18_t90_k6_w3,black,206,-3,8,8,1
r18_t90_k6_w3,black,207,-2,8,8,1
r18_t90_k6_w3,black,208,-1,8,8,1
r18_t90_k6_w3,black,209,0,8,8,0
r18_t90_k6_w3,black,238,-3,-6,9,3
r18_t90_k6_w3,black,239,-4,-5,9,3
r18_t90_k6_w3,black,240,-5,-4,9,3
r18_t90_k6_w3,black,241,-6,-3,9,3
r18_t90_k6_w3,black,242,-7,-2,9,3
r18_t90_k6_w3,black,243,-8,-1,9,3
r18_t90_k6_w3,black,244,-9,0,9,3
r18_t90_k6_w3,black,245,-9,1,9,2
r18_t90_k6_w3,black,246,-9,2,9,2
r18_t90_k6_w3,black,247,-9,3,9,2
r18_t90_k6_w3,black,248,-9,4,9,2
r18_t90_k6_w3,black,249,-9,5,9,2
r18_t90_k6_w3,black,250,-9,6,9,2
r18_t90_k6_w3,black,251,-9,7,9,2
r18_t90_k6_w3,black,252,-9,8,9,2
r18_t90_k6_w3,black,253,-9,9,9,1
r18_t90_k6_w3,black,254,-8,9,9,1
r18_t90_k6_w3,black,255,-7,9,9,1
r18_t90_k6_w3,black,256,-6,9,9,1
r18_t90_k6_w3,black,257,-5,9,9,1
r18_t90_k6_w3,black,258,-4,9,9,1
r18_t90_k6_w3,black,259,-3,9,9,1
r18_t90_k6_w3,black,260,-2,9,9,1
r18_t90_k6_w3,black,261,-1,9,9,1
r18_t90_k6_w3,black,262,0,9,9,0
r18_t90_k6_w3,black,263,1,8,9,0
r18_t90_k6_w3,black,295,-4,-6,10,3
r18_t90_k6_w3,black,296,-5,-5,10,3
r18_t90_k6_w3,black,297,-6,-4,10,3
r18_t90_k6_w3,black,298,-7,-3,10,3
r18_t90_k6_w3,black,299,-8,-2,10,3
r18_t90_k6_w3,black,300,-9,-1,10,3
r18_t90_k6_w3,black,301,-10,0,10,3
r18_t90_k6_w3,black,302,-10,1,10,2
r18_t90_k6_w3,black,303,-10,2,10,2
r18_t90_k6_w3,black,304,-10,3,10,2
r18_t90_k6_w3,black,305,-10,4,10,2
r18_t90_k6_w3,black,306,-10,5,10,2
r18_t90_k6_w3,black,307,-10,6,10,2
r18_t90_k6_w3,black,308,-10,7,10,2
r18_t90_k6_w3,black,309,-10,8,10,2
r18_t90_k6_w3,black,310,-10,9,10,2
r18_t90_k6_w3,black,311,-10,10,10,1
r18_t90_k6_w3,black,312,-9,10,10,1
r18_t90_k6_w3,black,313,-8,10,10,1
r18_t90_k6_w3,black,314,-7,10,10,1
r18_t90_k6_w3,black,315,-6,10,10,1
r18_t90_k6_w3,black,316,-5,10,10,1
r18_t90_k6_w3,black,317,-4,10,10,1
r18_t90_k6_w3,black,318,-3,10,10,1
r18_t90_k6_w3,black,319,-2,10,10,1
r18_t90_k6_w3,black,320,-1,10,10,1
r18_t90_k6_w3,black,321,0,10,10,0
r18_t90_k6_w3,black,322,1,9,10,0
r18_t90_k6_w3,black,356,-3,-8,11,3
r18_t90_k6_w3,black,357,-4,-7,11,3
r18_t90_k6_w3,black,358,-5,-6,11,3
r18_t90_k6_w3,black,359,-6,-5,11,3
r18_t90_k6_w3,black,360,-7,-4,11,3
r18_t90_k6_w3,black,361,-8,-3,11,3
r18_t90_k6_w3,black,362,-9,-2,11,3
r18_t90_k6_w3,black,363,-10,-1,11,3
r18_t90_k6_w3,black,364,-11,0,11,3
r18_t90_k6_w3,black,365,-11,1,11,2
r18_t90_k6_w3,black,366,-11,2,11,2
r18_t90_k6_w3,black,367,-11,3,11,2
r18_t90_k6_w3,black,368,-11,4,11,2
r18_t90_k6_w3,black,369,-11,5,11,2
r18_t90_k6_w3,black,370,-11,6,11,2
r18_t90_k6_w3,black,371,-11,7,11,2
r18_t90_k6_w3,black,372,-11,8,11,2
r18_t90_k6_w3,black,373,-11,9,11,2
r18_t90_k6_w3,black,374,-11,10,11,2
r18_t90_k6_w3,black,375,-11,11,11,1
r18_t90_k6_w3,black,376,-10,11,11,1
r18_t90_k6_w3,black,377,-9,11,11,1
r18_t90_k6_w3,black,378,-8,11,11,1
r18_t90_k6_w3,black,379,-7,11,11,1
r18_t90_k6_w3,black,380,-6,11,11,1
r18_t90_k6_w3,black,381,-5,11,11,1
r18_t90_k6_w3,black,382,-4,11,11,1
r18_t90_k6_w3,black,383,-3,11,11,1
r18_t90_k6_w3,black,384,-2,11,11,1
r18_t90_k6_w3,black,385,-1,11,11,1
r18_t90_k6_w3,black,386,0,11,11,0
r18_t90_k6_w3,black,424,-3,-9,12,3
r18_t90_k6_w3,black,425,-4,-8,12,3
r18_t90_k6_w3,black,426,-5,-7,12,3
r18_t90_k6_w3,black,427,-6,-6,12,3
r18_t90_k6_w3,black,428,-7,-5,12,3
r18_t90_k6_w3,black,429,-8,-4,12,3
r18_t90_k6_w3,black,430,-9,-3,12,3
r18_t90_k6_w3,black,431,-10,-2,12,3
r18_t90_k6_w3,black,432,-11,-1,12,3
r18_t90_k6_w3,black,433,-12,0,12,3
r18_t90_k6_w3,black,434,-12,1,12,2
r18_t90_k6_w3,black,435,-12,2,12,2
r18_t90_k6_w3,white,8,2,-1,2,5
r18_t90_k6_w3,white,10,1,-2,2,4
r18_t90_k6_w3,white,12,-1,-1,2,3
r18_t90_k6_w3,white,14,-2,1,2,2
r18_t90_k6_w3,white,23,2,-3,3,4
r18_t90_k6_w3,white,24,1,-3,3,4
r18_t90_k6_w3,white,39,4,-2,4,5
r18_t90_k6_w3,white,40,4,-3,4,5
r18_t90_k6_w3,white,41,4,-4,4,4
r18_t90_k6_w3,white,42,3,-4,4,4
r18_t90_k6_w3,white,43,2,-4,4,4
r18_t90_k6_w3,white,44,1,-4,4,4
r18_t90_k6_w3,white,45,0,-4,4,3
r18_t90_k6_w3,white,62,5,-1,5,5
r18_t90_k6_w3,white,64,5,-3,5,5
r18_t90_k6_w3,white,65,5,-4,5,5
r18_t90_k6_w3,white,66,5,-5,5,4
r18_t90_k6_w3,white,67,4,-5,5,4
r18_t90_k6_w3,white,68,3,-5,5,4
r18_t90_k6_w3,white,69,2,-5,5,4
r18_t90_k6_w3,white,70,1,-5,5,4
r18_t90_k6_w3,white,90,4,1,5,0
r18_t90_k6_w3,white,92,6,-1,6,5
r18_t90_k6_w3,white,93,6,-2,6,5
r18_t90_k6_w3,white,95,6,-4,6,5
r18_t90_k6_w3,white,96,6,-5,6,5
r18_t90_k6_w3,white,97,6,-6,6,4
r18_t90_k6_w3,white,98,5,-6,6,4
r18_t90_k6_w3,white,99,4,-6,6,4
r18_t90_k6_w3,white,100,3,-6,6,4
r18_t90_k6_w3,white,101,2,-6,6,4
r18_t90_k6_w3,white,102,1,-6,6,4
r18_t90_k6_w3,white,126,5,1,6,0
r18_t90_k6_w3,white,127,7,0,7,0
r18_t90_k6_w3,white,128,7,-1,7,5
r18_t90_k6_w3,white,129,7,-2,7,5
r18_t90_k6_w3,white,130,7,-3,7,5
r18_t90_k6_w3,white,131,7,-4,7,5
r18_t90_k6_w3,white,132,7,-5,7,5
r18_t90_k6_w3,white,133,7,-6,7,5
r18_t90_k6_w3,white,134,7,-7,7,4
r18_t90_k6_w3,white,135,6,-7,7,4
r18_t90_k6_w3,white,136,5,-7,7,4
r18_t90_k6_w3,white,137,4,-7,7,4
r18_t90_k6_w3,white,138,3,-7,7,4
r18_t90_k6_w3,white,139,2,-7,7,4
r18_t90_k6_w3,white,140,1,-7,7,4
r18_t90_k6_w3,white,141,0,-7,7,3
r18_t90_k6_w3,white,167,5,2,7,0
r18_t90_k6_w3,white,168,6,1,7,0
r18_t90_k6_w3,white,169,8,0,8,0
r18_t90_k6_w3,white,170,8,-1,8,5
r18_t90_k6_w3,white,171,8,-2,8,5
r18_t90_k6_w3,white,172,8,-3,8,5
r18_t90_k6_w3,white,173,8,-4,8,5
r18_t90_k6_w3,white,174,8,-5,8,5
r18_t90_k6_w3,white,175,8,-6,8,5
r18_t90_k6_w3,white,176,8,-7,8,5
r18_t90_k6_w3,white,177,8,-8,8,4
r18_t90_k6_w3,white,178,7,-8,8,4
r18_t90_k6_w3,white,179,6,-8,8,4
r18_t90_k6_w3,white,180,5,-8,8,4
r18_t90_k6_w3,white,181,4,-8,8,4
r18_t90_k6_w3,white,182,3,-8,8,4
r18_t90_k6_w3,white,183,2,-8,8,4
r18_t90_k6_w3,white,184,1,-8,8,4
r18_t90_k6_w3,white,213,4,4,8,0
r18_t90_k6_w3,white,214,5,3,8,0
r18_t90_k6_w3,white,215,6,2,8,0
r18_t90_k6_w3,white,216,7,1,8,0
r18_t90_k6_w3,white,217,9,0,9,0
r18_t90_k6_w3,white,218,9,-1,9,5
r18_t90_k6_w3,white,219,9,-2,9,5
r18_t90_k6_w3,white,220,9,-3,9,5
r18_t90_k6_w3,white,221,9,-4,9,5
r18_t90_k6_w3,white,222,9,-5,9,5
r18_t90_k6_w3,white,223,9,-6,9,5
r18_t90_k6_w3,white,224,9,-7,9,5
r18_t90_k6_w3,white,225,9,-8,9,5
r18_t90_k6_w3,white,226,9,-9,9,4
r18_t90_k6_w3,white,227,8,-9,9,4
r18_t90_k6_w3,white,228,7,-9,9,4
r18_t90_k6_w3,white,229,6,-9,9,4
r18_t90_k6_w3,white,230,5,-9,9,4
r18_t90_k6_w3,white,231,4,-9,9,4
r18_t90_k6_w3,white,232,3,-9,9,4
r18_t90_k6_w3,white,233,2,-9,9,4
r18_t90_k6_w3,white,234,1,-9,9,4
r18_t90_k6_w3,white,267,5,4,9,0
r18_t90_k6_w3,white,268,6,3,9,0
r18_t90_k6_w3,white,269,7,2,9,0
r18_t90_k6_w3,white,270,8,1,9,0
r18_t90_k6_w3,white,271,10,0,10,0
r18_t90_k6_w3,white,272,10,-1,10,5
r18_t90_k6_w3,white,273,10,-2,10,5
r18_t90_k6_w3,white,274,10,-3,10,5
r18_t90_k6_w3,white,275,10,-4,10,5
r18_t90_k6_w3,white,276,10,-5,10,5
r18_t90_k6_w3,white,277,10,-6,10,5
r18_t90_k6_w3,white,278,10,-7,10,5
r18_t90_k6_w3,white,279,10,-8,10,5
r18_t90_k6_w3,white,280,10,-9,10,5
r18_t90_k6_w3,white,281,10,-10,10,4
r18_t90_k6_w3,white,282,9,-10,10,4
r18_t90_k6_w3,white,283,8,-10,10,4
r18_t90_k6_w3,white,284,7,-10,10,4
r18_t90_k6_w3,white,285,6,-10,10,4
r18_t90_k6_w3,white,286,5,-10,10,4
r18_t90_k6_w3,white,287,4,-10,10,4
r18_t90_k6_w3,white,288,3,-10,10,4
r18_t90_k6_w3,white,289,2,-10,10,4
r18_t90_k6_w3,white,290,1,-10,10,4
r18_t90_k6_w3,white,291,0,-10,10,3
r18_t90_k6_w3,white,326,5,5,10,0
r18_t90_k6_w3,white,327,6,4,10,0
r18_t90_k6_w3,white,328,7,3,10,0
r18_t90_k6_w3,white,329,8,2,10,0
r18_t90_k6_w3,white,330,9,1,10,0
r18_t90_k6_w3,white,331,11,0,11,0
r18_t90_k6_w3,white,332,11,-1,11,5
r18_t90_k6_w3,white,333,11,-2,11,5
r18_t90_k6_w3,white,334,11,-3,11,5
r18_t90_k6_w3,white,335,11,-4,11,5
r18_t90_k6_w3,white,336,11,-5,11,5
r18_t90_k6_w3,white,337,11,-6,11,5
r18_t90_k6_w3,white,338,11,-7,11,5
r18_t90_k6_w3,white,339,11,-8,11,5
r18_t90_k6_w3,white,340,11,-9,11,5
r18_t90_k6_w3,white,341,11,-10,11,5
r18_t90_k6_w3,white,342,11,-11,11,4
r18_t90_k6_w3,white,343,10,-11,11,4
r18_t90_k6_w3,white,344,9,-11,11,4
r18_t90_k6_w3,white,345,8,-11,11,4
r18_t90_k6_w3,white,346,7,-11,11,4
r18_t90_k6_w3,white,347,6,-11,11,4
r18_t90_k6_w3,white,348,5,-11,11,4
r18_t90_k6_w3,white,349,4,-11,11,4
r18_t90_k6_w3,white,350,3,-11,11,4
r18_t90_k6_w3,white,351,2,-11,11,4
r18_t90_k6_w3,white,352,1,-11,11,4
r18_t90_k6_w3,white,390,4,7,11,0
r18_t90_k6_w3,white,391,5,6,11,0
r18_t90_k6_w3,white,392,6,5,11,0
r18_t90_k6_w3,white,393,7,4,11,0
r18_t90_k6_w3,white,394,8,3,11,0
r18_t90_k6_w3,white,395,9,2,11,0
r18_t90_k6_w3,white,396,10,1,11,0
r18_t90_k6_w3,white,397,12,0,12,0
r18_t90_k6_w3,white,398,12,-1,12,5
r18_t90_k6_w3,white,399,12,-2,12,5
r18_t90_k6_w3,white,400,12,-3,12,5
r18_t90_k6_w3,white,401,12,-4,12,5
r18_t90_k6_w3,white,402,12,-5,12,5
r18_t90_k6_w3,white,403,12,-6,12,5
r18_t90_k6_w3,white,404,12,-7,12,5
r18_t90_k6_w3,white,405,12,-8,12,5
r18_t90_k6_w3,white,406,12,-9,12,5
r18_t90_k6_w3,white,407,12,-10,12,5
r18_t90_k6_w3,white,408,12,-11,12,5
r18_t90_k6_w3,white,409,12,-12,12,4
r18_t90_k6_w3,white,410,11,-12,12,4
r18_t90_k6_w3,white,411,10,-12,12,4
r18_t90_k6_w3,white,412,9,-12,12,4
r18_t90_k6_w3,white,413,8,-12,12,4
r18_t90_k6_w3,white,414,7,-12,12,4
r18_t90_k6_w3,white,415,6,-12,12,4
r18_t90_k6_w3,white,416,5,-12,12,4
r18_t90_k6_w3,white,417,4,-12,12,4
r18_t90_k6_w3,white,418,3,-12,12,4
r18_t90_k6_w3,white,419,2,-12,12,4
r18_t90_k6_w3,white,420,1,-12,12,4
r18_t90_k6_w3,white,462,5,7,12,0
r18_t90_k6_w3,white,463,6,6,12,0
r18_t90_k6_w3,white,464,7,5,12,0
r18_t90_k6_w3,white,465,8,4,12,0
r18_t90_k6_w3,white,466,9,3,12,0
r18_t90_k6_w3,white,467,10,2,12,0
r18_t90_k6_w3,white,468,11,1,12,0
r18_t90_k6_w3,white,469,13,0,13,0
r18_t90_k6_w3,white,470,13,-1,13,5
r18_t90_k6_w4,black,0,0,0,0,-1
r18_t90_k6_w4,black,16,-1,2,2,1
r18_t90_k6_w4,black,17,0,2,2,0
r18_t90_k6_w4,black,25,0,-3,3,3
r18_t90_k6_w4,black,28,-3,0,3,3
r18_t90_k6_w4,black,31,-3,3,3,1
r18_t90_k6_w4,black,33,-1,3,3,1
r18_t90_k6_w4,black,43,2,-4,4,4
r18_t90_k6_w4,black,45,0,-4,4,3
r18_t90_k6_w4,black,47,-2,-2,4,3
r18_t90_k6_w4,black,49,-4,0,4,3
r18_t90_k6_w4,black,51,-4,2,4,2
r18_t90_k6_w4,black,53,-4,4,4,1
r18_t90_k6_w4,black,54,-3,4,4,1
r18_t90_k6_w4,black,55,-2,4,4,1
r18_t90_k6_w4,black,56,-1,4,4,1
r18_t90_k6_w4,black,57,0,4,4,0
r18_t90_k6_w4,black,69,2,-5,5,4
r18_t90_k6_w4,black,70,1,-5,5,4
r18_t90_k6_w4,black,71,0,-5,5,3
r18_t90_k6_w4,black,72,-1,-4,5,3
r18_t90_k6_w4,black,73,-2,-3,5,3
r18_t90_k6_w4,black,74,-3,-2,5,3
r18_t90_k6_w4,black,75,-4,-1,5,3
r18_t90_k6_w4,black,76,-5,0,5,3
r18_t90_k6_w4,black,77,-5,1,5,2
r18_t90_k6_w4,black,78,-5,2,5,2
r18_t90_k6_w4,black,79,-5,3,5,2
r18_t90_k6_w4,black,80,-5,4,5,2
r18_t90_k6_w4,black,81,-5,5,5,1
r18_t90_k6_w4,black,82,-4,5,5,1
r18_t90_k6_w4,black,83,-3,5,5,1
r18_t90_k6_w4,black,84,-2,5,5,1
r18_t90_k6_w4,black,101,2,-6,6,4
r18_t90_k6_w4,black,102,1,-6,6,4
r18_t90_k6_w4,black,103,0,-6,6,3
r18_t90_k6_w4,black,104,-1,-5,6,3
r18_t90_k6_w4,black,105,-2,-4,6,3
r18_t90_k6_w4,black,106,-3,-3,6,3
r18_t90_k6_w4,black,107,-4,-2,6,3
r18_t90_k6_w4,black,108,-5,-1,6,3
r18_t90_k6_w4,black,109,-6,0,6,3
r18_t90_k6_w4,black,110,-6,1,6,2
r18_t90_k6_w4,black,111,-6,2,6,2
r18_t90_k6_w4,black,112,-6,3,6,2
r18_t90_k6_w4,black,113,-6,4,6,2
r18_t90_k6_w4,black,114,-6,5,6,2
r18_t90_k6_w4,black,115,-6,6,6,1
r18_t90_k6_w4,black,116,-5,6,6,1
r18_t90_k6_w4,black,117,-4,6,6,1
r18_t90_k6_w4,black,118,-3,6,6,1
r18_t90_k6_w4,black,119,-2,6,6,1
r18_t90_k6_w4,black,139,2,-7,7,4
r18_t90_k6_w4,black,140,1,-7,7,4
r18_t90_k6_w4,black,141,0,-7,7,3
r18_t90_k6_w4,black,142,-1,-6,7,3
r18_t90_k6_w4,black,143,-2,-5,7,3
r18_t90_k6_w4,black,144,-3,-4,7,3
r18_t90_k6_w4,black,145,-4,-3,7,3
r18_t90_k6_w4,black,146,-5,-2,7,3
r18_t90_k6_w4,black,147,-6,-1,7,3
r18_t90_k6_w4,black,148,-7,0,7,3
r18_t90_k6_w4,black,149,-7,1,7,2
r18_t90_k6_w4,black,150,-7,2,7,2
r18_t90_k6_w4,black,151,-7,3,7,2
r18_t90_k6_w4,black,152,-7,4,7,2
r18_t90_k6_w4,black,153,-7,5,7,2
r18_t90_k6_w4,black,154,-7,6,7,2
r18_t90_k6_w4,black,155,-7,7,7,1
r18_t90_k6_w4,black,156,-6,7,7,1
r18_t90_k6_w4,black,157,-5,7,7,1
r18_t90_k6_w4,black,158,-4,7,7,1
r18_t90_k6_w4,black,183,2,-8,8,4
r18_t90_k6_w4,black,184,1,-8,8,4
r18_t90_k6_w4,black,185,0,-8,8,3
r18_t90_k6_w4,black,186,-1,-7,8,3
r18_t90_k6_w4,black,187,-2,-6,8,3
r18_t90_k6_w4,black,188,-3,-5,8,3
r18_t90_k6_w4,black,189,-4,-4,8,3
r18_t90_k6_w4,black,190,-5,-3,8,3
r18_t90_k6_w4,black,191,-6,-2,8,3
r18_t90_k6_w4,black,192,-7,-1,8,3
r18_t90_k6_w4,black,193,-8,0,8,3
r18_t90_k6_w4,black,194,-8,1,8,2
r18_t90_k6_w4,black,195,-8,2,8,2
r18_t90_k6_w4,black,196,-8,3,8,2
r18_t90_k6_w4,black,197,-8,4,8,2
r18_t90_k6_w4,black,198,-8,5,8,2
r18_t90_k6_w4,black,199,-8,6,8,2
r18_t90_k6_w4,black,200,-8,7,8,2
r18_t90_k6_w4,black,201,-8,8,8,1
r18_t90_k6_w4,black,202,-7,8,8,1
r18_t90_k6_w4,black,203,-6,8,8,1
r18_t90_k6_w4,black,204,-5,8,8,1
r18_t90_k6_w4,black,205,-4,8,8,1
r18_t90_k6_w4,black,233,2,-9,9,4
r18_t90_k6_w4,black,234,1,-9,9,4
r18_t90_k6_w4,black,235,0,-9,9,3
r18_t90_k6_w4,black,236,-1,-8,9,3
r18_t90_k6_w4,black,237,-2,-7,9,3
r18_t90_k6_w4,black,238,-3,-6,9,3
r18_t90_k6_w4,black,239,-4,-5,9,3
r18_t90_k6_w4,black,240,-5,-4,9,3
r18_t90_k6_w4,black,241,-6,-3,9,3
r18_t90_k6_w4,black,242,-7,-2,9,3
r18_t90_k6_w4,black,243,-8,-1,9,3
r18_t90_k6_w4,black,244,-9,0,9,3
r18_t90_k6_w4,black,245,-9,1,9,2
r18_t90_k6_w4,black,246,-9,2,9,2
r18_t90_k6_w4,black,247,-9,3,9,2
r18_t90_k6_w4,black,248,-9,4,9,2
r18_t90_k6_w4,black,249,-9,5,9,2
r18_t90_k6_w4,black,250,-9,6,9,2
r18_t90_k6_w4,black,251,-9,7,9,2
r18_t90_k6_w4,black,252,-9,8,9,2
r18_t90_k6_w4,black,253,-9,9,9,1
r18_t90_k6_w4,black,254,-8,9,9,1
r18_t90_k6_w4,black,255,-7,9,9,1
r18_t90_k6_w4,black,256,-6,9,9,1
r18_t90_k6_w4,black,289,2,-10,10,4
r18_t90_k6_w4,black,290,1,-10,10,4
r18_t90_k6_w4,black,291,0,-10,10,3
r18_t90_k6_w4,black,292,-1,-9,10,3
r18_t90_k6_w4,black,293,-2,-8,10,3
r18_t90_k6_w4,black,294,-3,-7,10,3
r18_t90_k6_w4,black,295,-4,-6,10,3
r18_t90_k6_w4,black,296,-5,-5,10,3
r18_t90_k6_w4,black,297,-6,-4,10,3
r18_t90_k6_w4,black,298,-7,-3,10,3
r18_t90_k6_w4,black,299,-8,-2,10,3
r18_t90_k6_w4,black,300,-9,-1,10,3
r18_t90_k6_w4,black,301,-10,0,10,3
r18_t90_k6_w4,black,302,-10,1,10,2
r18_t90_k6_w4,black,303,-10,2,10,2
r18_t90_k6_w4,black,304,-10,3,10,2
r18_t90_k6_w4,black,305,-10,4,10,2
r18_t90_k6_w4,black,306,-10,5,10,2
r18_t90_k6_w4,black,307,-10,6,10,2
r18_t90_k6_w4,black,308,-10,7,10,2
r18_t90_k6_w4,black,309,-10,8,10,2
r18_t90_k6_w4,black,310,-10,9,10,2
r18_t90_k6_w4,black,311,-10,10,10,1
r18_t90_k6_w4,black,312,-9,10,10,1
r18_t90_k6_w4,black,313,-8,10,10,1
r18_t90_k6_w4,black,314,-7,10,10,1
r18_t90_k6_w4,black,315,-6,10,10,1
r18_t90_k6_w4,black,351,2,-11,11,4
r18_t90_k6_w4,black,352,1,-11,11,4
r18_t90_k6_w4,black,353,0,-11,11,3
r18_t90_k6_w4,black,354,-1,-10,11,3
r18_t90_k6_w4,black,355,-2,-9,11,3
r18_t90_k6_w4,black,356,-3,-8,11,3
r18_t90_k6_w4,black,357,-4,-7,11,3
r18_t90_k6_w4,black,358,-5,-6,11,3
r18_t90_k6_w4,black,359,-6,-5,11,3
r18_t90_k6_w4,black,360,-7,-4,11,3
r18_t90_k6_w4,black,361,-8,-3,11,3
r18_t90_k6_w4,black,362,-9,-2,11,3
r18_t90_k6_w4,black,363,-10,-1,11,3
r18_t90_k6_w4,black,364,-11,0,11,3
r18_t90_k6_w4,black,365,-11,1,11,2
r18_t90_k6_w4,black,366,-11,2,11,2
r18_t90_k6_w4,black,367,-11,3,11,2
r18_t90_k6_w4,black,368,-11,4,11,2
r18_t90_k6_w4,black,369,-11,5,11,2
r18_t90_k6_w4,black,370,-11,6,11,2
r18_t90_k6_w4,black,371,-11,7,11,2
r18_t90_k6_w4,black,372,-11,8,11,2
r18_t90_k6_w4,black,373,-11,9,11,2
r18_t90_k6_w4,black,374,-11,10,11,2
r18_t90_k6_w4,black,375,-11,11,11,1
r18_t90_k6_w4,black,376,-10,11,11,1
r18_t90_k6_w4,black,377,-9,11,11,1
r18_t90_k6_w4,black,378,-8,11,11,1
r18_t90_k6_w4,black,417,4,-12,12,4
r18_t90_k6_w4,black,418,3,-12,12,4
r18_t90_k6_w4,black,419,2,-12,12,4
r18_t90_k6_w4,black,420,1,-12,12,4
r18_t90_k6_w4,black,421,0,-12,12,3
r18_t90_k6_w4,white,8,2,-1,2,5
r18_t90_k6_w4,white,10,1,-2,2,4
r18_t90_k6_w4,white,12,-1,-1,2,3
r18_t90_k6_w4,white,14,-2,1,2,2
r18_t90_k6_w4,white,19,3,0,3,0
r18_t90_k6_w4,white,20,3,-1,3,5
r18_t90_k6_w4,white,21,3,-2,3,5
r18_t90_k6_w4,white,22,3,-3,3,4
r18_t90_k6_w4,white,36,2,1,3,0
r18_t90_k6_w4,white,37,4,0,4,0
r18_t90_k6_w4,white,38,4,-1,4,5
r18_t90_k6_w4,white,39,4,-2,4,5
r18_t90_k6_w4,white,40,4,-3,4,5
r18_t90_k6_w4,white,60,3,1,4,0
r18_t90_k6_w4,white,61,5,0,5,0
r18_t90_k6_w4,white,62,5,-1,5,5
r18_t90_k6_w4,white,63,5,-2,5,5
r18_t90_k6_w4,white,64,5,-3,5,5
r18_t90_k6_w4,white,65,5,-4,5,5
r18_t90_k6_w4,white,66,5,-5,5,4
r18_t90_k6_w4,white,88,2,3,5,0
r18_t90_k6_w4,white,89,3,2,5,0
r18_t90_k6_w4,white,90,4,1,5,0
r18_t90_k6_w4,white,91,6,0,6,0
r18_t90_k6_w4,white,92,6,-1,6,5
r18_t90_k6_w4,white,93,6,-2,6,5
r18_t90_k6_w4,white,94,6,-3,6,5
r18_t90_k6_w4,white,95,6,-4,6,5
r18_t90_k6_w4,white,96,6,-5,6,5
r18_t90_k6_w4,white,97,6,-6,6,4
r18_t90_k6_w4,white,98,5,-6,6,4
r18_t90_k6_w4,white,122,1,5,6,0
r18_t90_k6_w4,white,124,3,3,6,0
r18_t90_k6_w4,white,125,4,2,6,0
r18_t90_k6_w4,white,126,5,1,6,0
r18_t90_k6_w4,white,127,7,0,7,0
r18_t90_k6_w4,white,128,7,-1,7,5
r18_t90_k6_w4,white,129,7,-2,7,5
r18_t90_k6_w4,white,130,7,-3,7,5
r18_t90_k6_w4,white,131,7,-4,7,5
r18_t90_k6_w4,white,132,7,-5,7,5
r18_t90_k6_w4,white,133,7,-6,7,5
r18_t90_k6_w4,white,134,7,-7,7,4
r18_t90_k6_w4,white,135,6,-7,7,4
r18_t90_k6_w4,white,136,5,-7,7,4
r18_t90_k6_w4,white,161,-1,7,7,1
r18_t90_k6_w4,white,162,0,7,7,0
r18_t90_k6_w4,white,163,1,6,7,0
r18_t90_k6_w4,white,164,2,5,7,0
r18_t90_k6_w4,white,165,3,4,7,0
r18_t90_k6_w4,white,166,4,3,7,0
r18_t90_k6_w4,white,167,5,2,7,0
r18_t90_k6_w4,white,168,6,1,7,0
r18_t90_k6_w4,white,169,8,0,8,0
r18_t90_k6_w4,white,170,8,-1,8,5
r18_t90_k6_w4,white,171,8,-2,8,5
r18_t90_k6_w4,white,172,8,-3,8,5
r18_t90_k6_w4,white,173,8,-4,8,5
r18_t90_k6_w4,white,174,8,-5,8,5
r18_t90_k6_w4,white,175,8,-6,8,5
r18_t90_k6_w4,white,176,8,-7,8,5
r18_t90_k6_w4,white,177,8,-8,8,4
r18_t90_k6_w4,white,178,7,-8,8,4
r18_t90_k6_w4,white,179,6,-8,8,4
r18_t90_k6_w4,white,180,5,-8,8,4
r18_t90_k6_w4,white,208,-1,8,8,1
r18_t90_k6_w4,white,209,0,8,8,0
r18_t90_k6_w4,white,210,1,7,8,0
r18_t90_k6_w4,white,211,2,6,8,0
r18_t90_k6_w4,white,212,3,5,8,0
r18_t90_k6_w4,white,213,4,4,8,0
r18_t90_k6_w4,white,214,5,3,8,0
r18_t90_k6_w4,white,215,6,2,8,0
r18_t90_k6_w4,white,216,7,1,8,0
r18_t90_k6_w4,white,217,9,0,9,0
r18_t90_k6_w4,white,218,9,-1,9,5
r18_t90_k6_w4,white,219,9,-2,9,5
r18_t90_k6_w4,white,220,9,-3,9,5
r18_t90_k6_w4,white,221,9,-4,9,5
r18_t90_k6_w4,white,222,9,-5,9,5
r18_t90_k6_w4,white,223,9,-6,9,5
r18_t90_k6_w4,white,224,9,-7,9,5
r18_t90_k6_w4,white,225,9,-8,9,5
r18_t90_k6_w4,white,226,9,-9,9,4
r18_t90_k6_w4,white,227,8,-9,9,4
r18_t90_k6_w4,white,228,7,-9,9,4
r18_t90_k6_w4,white,229,6,-9,9,4
r18_t90_k6_w4,white,230,5,-9,9,4
r18_t90_k6_w4,white,259,-3,9,9,1
r18_t90_k6_w4,white,260,-2,9,9,1
r18_t90_k6_w4,white,261,-1,9,9,1
r18_t90_k6_w4,white,262,0,9,9,0
r18_t90_k6_w4,white,263,1,8,9,0
r18_t90_k6_w4,white,264,2,7,9,0
r18_t90_k6_w4,white,265,3,6,9,0
r18_t90_k6_w4,white,266,4,5,9,0
r18_t90_k6_w4,white,267,5,4,9,0
r18_t90_k6_w4,white,268,6,3,9,0
r18_t90_k6_w4,white,269,7,2,9,0
r18_t90_k6_w4,white,270,8,1,9,0
r18_t90_k6_w4,white,271,10,0,10,0
r18_t90_k6_w4,white,272,10,-1,10,5
r18_t90_k6_w4,white,273,10,-2,10,5
r18_t90_k6_w4,white,274,10,-3,10,5
r18_t90_k6_w4,white,275,10,-4,10,5
r18_t90_k6_w4,white,276,10,-5,10,5
r18_t90_k6_w4,white,277,10,-6,10,5
r18_t90_k6_w4,white,278,10,-7,10,5
r18_t90_k6_w4,white,279,10,-8,10,5
r18_t90_k6_w4,white,280,10,-9,10,5
r18_t90_k6_w4,white,281,10,-10,10,4
r18_t90_k6_w4,white,282,9,-10,10,4
r18_t90_k6_w4,white,283,8,-10,10,4
r18_t90_k6_w4,white,284,7,-10,10,4
r18_t90_k6_w4,white,285,6,-10,10,4
r18_t90_k6_w4,white,286,5,-10,10,4
r18_t90_k6_w4,white,318,-3,10,10,1
r18_t90_k6_w4,white,319,-2,10,10,1
r18_t90_k6_w4,white,320,-1,10,10,1
r18_t90_k6_w4,white,321,0,10,10,0
r18_t90_k6_w4,white,322,1,9,10,0
r18_t90_k6_w4,white,323,2,8,10,0
r18_t90_k6_w4,white,324,3,7,10,0
r18_t90_k6_w4,white,325,4,6,10,0
r18_t90_k6_w4,white,326,5,5,10,0
r18_t90_k6_w4,white,327,6,4,10,0
r18_t90_k6_w4,white,328,7,3,10,0
r18_t90_k6_w4,white,329,8,2,10,0
r18_t90_k6_w4,white,330,9,1,10,0
r18_t90_k6_w4,white,331,11,0,11,0
r18_t90_k6_w4,white,332,11,-1,11,5
r18_t90_k6_w4,white,333,11,-2,11,5
r18_t90_k6_w4,white,334,11,-3,11,5
r18_t90_k6_w4,white,335,11,-4,11,5
r18_t90_k6_w4,white,336,11,-5,11,5
r18_t90_k6_w4,white,337,11,-6,11,5
r18_t90_k6_w4,white,338,11,-7,11,5
r18_t90_k6_w4,white,339,11,-8,11,5
r18_t90_k6_w4,white,340,11,-9,11,5
r18_t90_k6_w4,white,341,11,-10,11,5
r18_t90_k6_w4,white,342,11,-11,11,4
r18_t90_k6_w4,white,343,10,-11,11,4
r18_t90_k6_w4,white,344,9,-11,11,4
r18_t90_k6_w4,white,345,8,-11,11,4
r18_t90_k6_w4,white,346,7,-11,11,4
r18_t90_k6_w4,white,347,6,-11,11,4
r18_t90_k6_w4,white,348,5,-11,11,4
r18_t90_k6_w4,white,381,-5,11,11,1
r18_t90_k6_w4,white,382,-4,11,11,1
r18_t90_k6_w4,white,383,-3,11,11,1
r18_t90_k6_w4,white,384,-2,11,11,1
r18_t90_k6_w4,white,385,-1,11,11,1
r18_t90_k6_w4,white,386,0,11,11,0
r18_t90_k6_w4,white,387,1,10,11,0
r18_t90_k6_w4,white,388,2,9,11,0
r18_t90_k6_w4,white,389,3,8,11,0
r18_t90_k6_w4,white,390,4,7,11,0
r18_t90_k6_w4,white,391,5,6,11,0
r18_t90_k6_w4,white,392,6,5,11,0
r18_t90_k6_w4,white,393,7,4,11,0
r18_t90_k6_w4,white,394,8,3,11,0
r18_t90_k6_w4,white,395,9,2,11,0
r18_t90_k6_w4,white,396,10,1,11,0
r18_t90_k6_w4,white,397,12,0,12,0
r18_t90_k6_w4,white,398,12,-1,12,5
r18_t90_k6_w4,white,399,12,-2,12,5
r18_t90_k6_w4,white,400,12,-3,12,5
r18_t90_k6_w4,white,401,12,-4,12,5
r18_t90_k6_w4,white,402,12,-5,12,5
r18_t90_k6_w4,white,403,12,-6,12,5
r18_t90_k6_w4,white,404,12,-7,12,5
r18_t90_k6_w4,white,405,12,-8,12,5
r18_t90_k6_w4,white,406,12,-9,12,5
r18_t90_k6_w4,white,407,12,-10,12,5
r18_t90_k6_w4,white,408,12,-11,12,5
r18_t90_k6_w4,white,409,12,-12,12,4
r18_t90_k6_w4,white,410,11,-12,12,4
r18_t90_k6_w4,white,411,10,-12,12,4
r18_t90_k6_w4,white,412,9,-12,12,4
r18_t90_k6_w4,white,413,8,-12,12,4
r18_t90_k6_w5,black,0,0,0,0,-1
r18_t90_k6_w5,black,4,-1,0,1,3
r18_t90_k6_w5,black,5,-1,1,1,1
r18_t90_k6_w5,black,13,-2,0,2,3
r18_t90_k6_w5,black,14,-2,1,2,2
r18_t90_k6_w5,black,15,-2,2,2,1
r18_t90_k6_w5,black,27,-2,-1,3,3
r18_t90_k6_w5,black,28,-3,0,3,3
r18_t90_k6_w5,black,29,-3,1,3,2
r18_t90_k6_w5,black,30,-3,2,3,2
r18_t90_k6_w5,black,31,-3,3,3,1
r18_t90_k6_w5,black,32,-2,3,3,1
r18_t90_k6_w5,black,47,-2,-2,4,3
r18_t90_k6_w5,black,48,-3,-1,4,3
r18_t90_k6_w5,black,49,-4,0,4,3
r18_t90_k6_w5,black,50,-4,1,4,2
r18_t90_k6_w5,black,51,-4,2,4,2
r18_t90_k6_w5,black,52,-4,3,4,2
r18_t90_k6_w5,black,53,-4,4,4,1
r18_t90_k6_w5,black,54,-3,4,4,1
r18_t90_k6_w5,black,55,-2,4,4,1
r18_t90_k6_w5,black,70,1,-5,5,4
r18_t90_k6_w5,black,71,0,-5,5,3
r18_t90_k6_w5,black,72,-1,-4,5,3
r18_t90_k6_w5,black,73,-2,-3,5,3
r18_t90_k6_w5,black,74,-3,-2,5,3
r18_t90_k6_w5,black,75,-4,-1,5,3
r18_t90_k6_w5,black,76,-5,0,5,3
r18_t90_k6_w5,black,77,-5,1,5,2
r18_t90_k6_w5,black,78,-5,2,5,2
r18_t90_k6_w5,black,79,-5,3,5,2
r18_t90_k6_w5,black,80,-5,4,5,2
r18_t90_k6_w5,black,81,-5,5,5,1
r18_t90_k6_w5,black,82,-4,5,5,1
r18_t90_k6_w5,black,83,-3,5,5,1
r18_t90_k6_w5,black,101,2,-6,6,4
r18_t90_k6_w5,black,102,1,-6,6,4
r18_t90_k6_w5,black,103,0,-6,6,3
r18_t90_k6_w5,black,104,-1,-5,6,3
r18_t90_k6_w5,black,105,-2,-4,6,3
r18_t90_k6_w5,black,106,-3,-3,6,3
r18_t90_k6_w5,black,107,-4,-2,6,3
r18_t90_k6_w5,black,108,-5,-1,6,3
r18_t90_k6_w5,black,109,-6,0,6,3
r18_t90_k6_w5,black,110,-6,1,6,2
r18_t90_k6_w5,black,111,-6,2,6,2
r18_t90_k6_w5,black,112,-6,3,6,2
r18_t90_k6_w5,black,113,-6,4,6,2
r18_t90_k6_w5,black,114,-6,5,6,2
r18_t90_k6_w5,black,115,-6,6,6,1
r18_t90_k6_w5,black,116,-5,6,6,1
r18_t90_k6_w5,black,117,-4,6,6,1
r18_t90_k6_w5,black,138,3,-7,7,4
r18_t90_k6_w5,black,139,2,-7,7,4
r18_t90_k6_w5,black,140,1,-7,7,4
r18_t90_k6_w5,black,141,0,-7,7,3
r18_t90_k6_w5,black,142,-1,-6,7,3
r18_t90_k6_w5,black,143,-2,-5,7,3
r18_t90_k6_w5,black,144,-3,-4,7,3
r18_t90_k6_w5,black,145,-4,-3,7,3
r18_t90_k6_w5,black,146,-5,-2,7,3
r18_t90_k6_w5,black,147,-6,-1,7,3
r18_t90_k6_w5,black,148,-7,0,7,3
r18_t90_k6_w5,black,149,-7,1,7,2
r18_t90_k6_w5,black,150,-7,2,7,2
r18_t90_k6_w5,black,151,-7,3,7,2
r18_t90_k6_w5,black,152,-7,4,7,2
r18_t90_k6_w5,black,153,-7,5,7,2
r18_t90_k6_w5,black,154,-7,6,7,2
r18_t90_k6_w5,black,155,-7,7,7,1
r18_t90_k6_w5,black,156,-6,7,7,1
r18_t90_k6_w5,black,157,-5,7,7,1
r18_t90_k6_w5,black,181,4,-8,8,4
r18_t90_k6_w5,black,182,3,-8,8,4
r18_t90_k6_w5,black,183,2,-8,8,4
r18_t90_k6_w5,black,184,1,-8,8,4
r18_t90_k6_w5,black,185,0,-8,8,3
r18_t90_k6_w5,black,186,-1,-7,8,3
r18_t90_k6_w5,black,187,-2,-6,8,3
r18_t90_k6_w5,black,188,-3,-5,8,3
r18_t90_k6_w5,black,189,-4,-4,8,3
r18_t90_k6_w5,black,190,-5,-3,8,3
r18_t90_k6_w5,black,191,-6,-2,8,3
r18_t90_k6_w5,black,192,-7,-1,8,3
r18_t90_k6_w5,black,193,-8,0,8,3
r18_t90_k6_w5,black,194,-8,1,8,2
r18_t90_k6_w5,black,195,-8,2,8,2
r18_t90_k6_w5,black,196,-8,3,8,2
r18_t90_k6_w5,black,197,-8,4,8,2
r18_t90_k6_w5,black,198,-8,5,8,2
r18_t90_k6_w5,black,199,-8,6,8,2
r18_t90_k6_w5,black,200,-8,7,8,2
r18_t90_k6_w5,black,201,-8,8,8,1
r18_t90_k6_w5,black,202,-7,8,8,1
r18_t90_k6_w5,black,203,-6,8,8,1
r18_t90_k6_w5,black,230,5,-9,9,4
r18_t90_k6_w5,black,231,4,-9,9,4
r18_t90_k6_w5,black,232,3,-9,9,4
r18_t90_k6_w5,black,233,2,-9,9,4
r18_t90_k6_w5,black,234,1,-9,9,4
r18_t90_k6_w5,black,235,0,-9,9,3
r18_t90_k6_w5,black,236,-1,-8,9,3
r18_t90_k6_w5,black,237,-2,-7,9,3
r18_t90_k6_w5,black,238,-3,-6,9,3
r18_t90_k6_w5,black,239,-4,-5,9,3
r18_t90_k6_w5,black,240,-5,-4,9,3
r18_t90_k6_w5,black,241,-6,-3,9,3
r18_t90_k6_w5,black,242,-7,-2,9,3
r18_t90_k6_w5,black,243,-8,-1,9,3
r18_t90_k6_w5,black,244,-9,0,9,3
r18_t90_k6_w5,black,245,-9,1,9,2
r18_t90_k6_w5,black,246,-9,2,9,2
r18_t90_k6_w5,black,247,-9,3,9,2
r18_t90_k6_w5,black,248,-9,4,9,2
r18_t90_k6_w5,black,249,-9,5,9,2
r18_t90_k6_w5,black,250,-9,6,9,2
r18_t90_k6_w5,black,251,-9,7,9,2
r18_t90_k6_w5,black,252,-9,8,9,2
r18_t90_k6_w5,black,253,-9,9,9,1
r18_t90_k6_w5,black,254,-8,9,9,1
r18_t90_k6_w5,black,255,-7,9,9,1
r18_t90_k6_w5,black,285,6,-10,10,4
r18_t90_k6_w5,black,286,5,-10,10,4
r18_t90_k6_w5,black,287,4,-10,10,4
r18_t90_k6_w5,black,288,3,-10,10,4
r18_t90_k6_w5,black,289,2,-10,10,4
r18_t90_k6_w5,black,290,1,-10,10,4
r18_t90_k6_w5,black,291,0,-10,10,3
r18_t90_k6_w5,black,292,-1,-9,10,3
r18_t90_k6_w5,black,293,-2,-8,10,3
r18_t90_k6_w5,black,294,-3,-7,10,3
r18_t90_k6_w5,black,295,-4,-6,10,3
r18_t90_k6_w5,black,296,-5,-5,10,3
r18_t90_k6_w5,black,297,-6,-4,10,3
r18_t90_k6_w5,black,298,-7,-3,10,3
r18_t90_k6_w5,black,299,-8,-2,10,3
r18_t90_k6_w5,black,300,-9,-1,10,3
r18_t90_k6_w5,black,301,-10,0,10,3
r18_t90_k6_w5,black,302,-10,1,10,2
r18_t90_k6_w5,black,303,-10,2,10,2
r18_t90_k6_w5,black,304,-10,3,10,2
r18_t90_k6_w5,black,305,-10,4,10,2
r18_t90_k6_w5,black,306,-10,5,10,2
r18_t90_k6_w5,black,307,-10,6,10,2
r18_t90_k6_w5,black,308,-10,7,10,2
r18_t90_k6_w5,black,309,-10,8,10,2
r18_t90_k6_w5,black,310,-10,9,10,2
r18_t90_k6_w5,black,311,-10,10,10,1
r18_t90_k6_w5,black,312,-9,10,10,1
r18_t90_k6_w5,black,313,-8,10,10,1
r18_t90_k6_w5,black,346,7,-11,11,4
r18_t90_k6_w5,black,347,6,-11,11,4
r18_t90_k6_w5,black,348,5,-11,11,4
r18_t90_k6_w5,black,349,4,-11,11,4
r18_t90_k6_w5,black,350,3,-11,11,4
r18_t90_k6_w5,black,351,2,-11,11,4
r18_t90_k6_w5,black,352,1,-11,11,4
r18_t90_k6_w5,black,353,0,-11,11,3
r18_t90_k6_w5,black,354,-1,-10,11,3
r18_t90_k6_w5,black,355,-2,-9,11,3
r18_t90_k6_w5,black,356,-3,-8,11,3
r18_t90_k6_w5,black,357,-4,-7,11,3
r18_t90_k6_w5,black,358,-5,-6,11,3
r18_t90_k6_w5,black,359,-6,-5,11,3
r18_t90_k6_w5,black,360,-7,-4,11,3
r18_t90_k6_w5,black,361,-8,-3,11,3
r18_t90_k6_w5,black,362,-9,-2,11,3
r18_t90_k6_w5,black,363,-10,-1,11,3
r18_t90_k6_w5,black,364,-11,0,11,3
r18_t90_k6_w5,black,365,-11,1,11,2
r18_t90_k6_w5,black,366,-11,2,11,2
r18_t90_k6_w5,black,367,-11,3,11,2
r18_t90_k6_w5,black,368,-11,4,11,2
r18_t90_k6_w5,black,369,-11,5,11,2
r18_t90_k6_w5,black,370,-11,6,11,2
r18_t90_k6_w5,black,371,-11,7,11,2
r18_t90_k6_w5,black,372,-11,8,11,2
r18_t90_k6_w5,black,373,-11,9,11,2
r18_t90_k6_w5,black,374,-11,10,11,2
r18_t90_k6_w5,white,7,2,0,2,0
r18_t90_k6_w5,white,8,2,-1,2,5
r18_t90_k6_w5,white,9,2,-2,2,4
r18_t90_k6_w5,white,10,1,-2,2,4
r18_t90_k6_w5,white,11,0,-2,2,3
r18_t90_k6_w5,white,17,0,2,2,0
r18_t90_k6_w5,white,18,1,1,2,0
r18_t90_k6_w5,white,19,3,0,3,0
r18_t90_k6_w5,white,20,3,-1,3,5
r18_t90_k6_w5,white,21,3,-2,3,5
r18_t90_k6_w5,white,22,3,-3,3,4
r18_t90_k6_w5,white,23,2,-3,3,4
r18_t90_k6_w5,white,24,1,-3,3,4
r18_t90_k6_w5,white,25,0,-3,3,3
r18_t90_k6_w5,white,34,0,3,3,0
r18_t90_k6_w5,white,35,1,2,3,0
r18_t90_k6_w5,white,36,2,1,3,0
r18_t90_k6_w5,white,37,4,0,4,0
r18_t90_k6_w5,white,38,4,-1,4,5
r18_t90_k6_w5,white,39,4,-2,4,5
r18_t90_k6_w5,white,40,4,-3,4,5
r18_t90_k6_w5,white,41,4,-4,4,4
r18_t90_k6_w5,white,42,3,-4,4,4
r18_t90_k6_w5,white,43,2,-4,4,4
r18_t90_k6_w5,white,57,0,4,4,0
r18_t90_k6_w5,white,58,1,3,4,0
r18_t90_k6_w5,white,59,2,2,4,0
r18_t90_k6_w5,white,60,3,1,4,0
r18_t90_k6_w5,white,61,5,0,5,0
r18_t90_k6_w5,white,62,5,-1,5,5
r18_t90_k6_w5,white,63,5,-2,5,5
r18_t90_k6_w5,white,64,5,-3,5,5
r18_t90_k6_w5,white,65,5,-4,5,5
r18_t90_k6_w5,white,66,5,-5,5,4
r18_t90_k6_w5,white,67,4,-5,5,4
r18_t90_k6_w5,white,68,3,-5,5,4
r18_t90_k6_w5,white,85,-1,5,5,1
r18_t90_k6_w5,white,86,0,5,5,0
r18_t90_k6_w5,white,87,1,4,5,0
r18_t90_k6_w5,white,88,2,3,5,0
r18_t90_k6_w5,white,89,3,2,5,0
r18_t90_k6_w5,white,90,4,1,5,0
r18_t90_k6_w5,white,91,6,0,6,0
r18_t90_k6_w5,white,92,6,-1,6,5
r18_t90_k6_w5,white,93,6,-2,6,5
r18_t90_k6_w5,white,94,6,-3,6,5
r18_t90_k6_w5,white,95,6,-4,6,5
r18_t90_k6_w5,white,96,6,-5,6,5
r18_t90_k6_w5,white,97,6,-6,6,4
r18_t90_k6_w5,white,98,5,-6,6,4
r18_t90_k6_w5,white,99,4,-6,6,4
r18_t90_k6_w5,white,119,-2,6,6,1
r18_t90_k6_w5,white,120,-1,6,6,1
r18_t90_k6_w5,white,121,0,6,6,0
r18_t90_k6_w5,white,122,1,5,6,0
r18_t90_k6_w5,white,123,2,4,6,0
r18_t90_k6_w5,white,124,3,3,6,0
r18_t90_k6_w5,white,125,4,2,6,0
r18_t90_k6_w5,white,126,5,1,6,0
r18_t90_k6_w5,white,127,7,0,7,0
r18_t90_k6_w5,white,128,7,-1,7,5
r18_t90_k6_w5,white,129,7,-2,7,5
r18_t90_k6_w5,white,130,7,-3,7,5
r18_t90_k6_w5,white,131,7,-4,7,5
r18_t90_k6_w5,white,132,7,-5,7,5
r18_t90_k6_w5,white,133,7,-6,7,5
r18_t90_k6_w5,white,134,7,-7,7,4
r18_t90_k6_w5,white,135,6,-7,7,4
r18_t90_k6_w5,white,136,5,-7,7,4
r18_t90_k6_w5,white,159,-3,7,7,1
r18_t90_k6_w5,white,160,-2,7,7,1
r18_t90_k6_w5,white,161,-1,7,7,1
r18_t90_k6_w5,white,162,0,7,7,0
r18_t90_k6_w5,white,163,1,6,7,0
r18_t90_k6_w5,white,164,2,5,7,0
r18_t90_k6_w5,white,165,3,4,7,0
r18_t90_k6_w5,white,166,4,3,7,0
r18_t90_k6_w5,white,167,5,2,7,0
r18_t90_k6_w5,white,168,6,1,7,0
r18_t90_k6_w5,white,169,8,0,8,0
r18_t90_k6_w5,white,170,8,-1,8,5
r18_t90_k6_w5,white,171,8,-2,8,5
r18_t90_k6_w5,white,172,8,-3,8,5
r18_t90_k6_w5,white,173,8,-4,8,5
r18_t90_k6_w5,white,174,8,-5,8,5
r18_t90_k6_w5,white,175,8,-6,8,5
r18_t90_k6_w5,white,176,8,-7,8,5
r18_t90_k6_w5,white,177,8,-8,8,4
r18_t90_k6_w5,white,178,7,-8,8,4
r18_t90_k6_w5,white,179,6,-8,8,4
r18_t90_k6_w5,white,205,-4,8,8,1
r18_t90_k6_w5,white,206,-3,8,8,1
r18_t90_k6_w5,white,207,-2,8,8,1
r18_t90_k6_w5,white,208,-1,8,8,1
r18_t90_k6_w5,white,209,0,8,8,0
r18_t90_k6_w5,white,210,1,7,8,0
r18_t90_k6_w5,white,211,2,6,8,0
r18_t90_k6_w5,white,212,3,5,8,0
r18_t90_k6_w5,white,213,4,4,8,0
r18_t90_k6_w5,white,214,5,3,8,0
r18_t90_k6_w5,white,215,6,2,8,0
r18_t90_k6_w5,white,216,7,1,8,0
r18_t90_k6_w5,white,217,9,0,9,0
r18_t90_k6_w5,white,218,9,-1,9,5
r18_t90_k6_w5,white,219,9,-2,9,5
r18_t90_k6_w5,white,220,9,-3,9,5
r18_t90_k6_w5,white,221,9,-4,9,5
r18_t90_k6_w5,white,222,9,-5,9,5
r18_t90_k6_w5,white,223,9,-6,9,5
r18_t90_k6_w5,white,224,9,-7,9,5
r18_t90_k6_w5,white,225,9,-8,9,5
r18_t90_k6_w5,white,226,9,-9,9,4
r18_t90_k6_w5,white,227,8,-9,9,4
r18_t90_k6_w5,white,228,7,-9,9,4
r18_t90_k6_w5,white,257,-5,9,9,1
r18_t90_k6_w5,white,258,-4,9,9,1
r18_t90_k6_w5,white,259,-3,9,9,1
r18_t90_k6_w5,white,260,-2,9,9,1
r18_t90_k6_w5,white,261,-1,9,9,1
r18_t90_k6_w5,white,262,0,9,9,0
r18_t90_k6_w5,white,263,1,8,9,0
r18_t90_k6_w5,white,264,2,7,9,0
r18_t90_k6_w5,white,265,3,6,9,0
r18_t90_k6_w5,white,266,4,5,9,0
r18_t90_k6_w5,white,267,5,4,9,0
r18_t90_k6_w5,white,268,6,3,9,0
r18_t90_k6_w5,white,269,7,2,9,0
r18_t90_k6_w5,white,270,8,1,9,0
r18_t90_k6_w5,white,271,10,0,10,0
r18_t90_k6_w5,white,272,10,-1,10,5
r18_t90_k6_w5,white,273,10,-2,10,5
r18_t90_k6_w5,white,274,10,-3,10,5
r18_t90_k6_w5,white,275,10,-4,10,5
r18_t90_k6_w5,white,276,10,-5,10,5
r18_t90_k6_w5,white,277,10,-6,10,5
r18_t90_k6_w5,white,278,10,-7,10,5
r18_t90_k6_w5,white,279,10,-8,10,5
r18_t90_k6_w5,white,280,10,-9,10,5
r18_t90_k6_w5,white,281,10,-10,10,4
r18_t90_k6_w5,white,282,9,-10,10,4
r18_t90_k6_w5,white,283,8,-10,10,4
r18_t90_k6_w5,white,315,-6,10,10,1
r18_t90_k6_w5,white,316,-5,10,10,1
r18_t90_k6_w5,white,317,-4,10,10,1
r18_t90_k6_w5,white,318,-3,10,10,1
r18_t90_k6_w5,white,319,-2,10,10,1
r18_t90_k6_w5,white,320,-1,10,10,1
r18_t90_k6_w5,white,321,0,10,10,0
r18_t90_k6_w5,white,322,1,9,10,0
r18_t90_k6_w5,white,323,2,8,10,0
r18_t90_k6_w5,white,324,3,7,10,0
r18_t90_k6_w5,white,325,4,6,10,0
r18_t90_k6_w5,white,326,5,5,10,0
r18_t90_k6_w5,white,327,6,4,10,0
r18_t90_k6_w5,white,328,7,3,10,0
r18_t90_k6_w5,white,329,8,2,10,0
r18_t90_k6_w5,white,330,9,1,10,0
r18_t90_k6_w5,white,331,11,0,11,0
r18_t90_k6_w5,white,332,11,-1,11,5
r18_t90_k6_w5,white,333,11,-2,11,5
r18_t90_k6_w5,white,334,11,-3,11,5
r18_t90_k6_w5,white,335,11,-4,11,5
r18_t90_k6_w5,white,336,11,-5,11,5
r18_t90_k6_w5,white,337,11,-6,11,5
r18_t90_k6_w5,white,338,11,-7,11,5
r18_t90_k6_w5,white,339,11,-8,11,5
r18_t90_k6_w5,white,340,11,-9,11,5
r18_t90_k6_w5,white,341,11,-10,11,5
r18_t90_k6_w5,white,342,11,-11,11,4
r18_t90_k6_w5,white,343,10,-11,11,4
r18_t90_k6_w5,white,344,9,-11,11,4
r18_t90_k6_w5,white,379,-7,11,11,1
r18_t90_k6_w5,white,380,-6,11,11,1
r18_t90_k6_w5,white,381,-5,11,11,1
r18_t90_k6_w5,white,382,-4,11,11,1
r18_t90_k6_w5,white,383,-3,11,11,1
r18_t90_k6_w5,white,384,-2,11,11,1
r18_t90_k6_w5,white,385,-1,11,11,1
r18_t90_k6_w5,white,386,0,11,11,0
r18_t90_k6_w5,white,387,1,10,11,0
