template_id,source_event_id,kind,tau,pressure,terminal,attacker_stones,defender_stones,move_stones,obligation_edges,num_attacker_stones,num_defender_stones,num_obligations,num_obligation_vertices,pair_shape,shape_kind,family,line_axis_support,canonical_signature,frequency,automorphism_group_size,number_of_vertices,number_of_edges,edge_size_histogram,singleton_count,pair_edge_count,transversal_number_tau,number_of_minimum_transversals,intersection_graph_density,laplacian_spectrum,source_counts,source_span,source_entropy,generality_index,channel_label,integer_fingerprint,abstract_incidence_signature,abstract_signature_exact,incidence_cell_count,incidence_edge_count,cell_color_histogram,d6_stabilizer_order,d6_orbit_size,burnside_fixed_fraction,embedding_cell_count,a2_dimension,a2_convex_area,a2_convex_deficit,a2_support_signature,a2_coxeter_diameter,axis_line_arrangement,boundary_slope_partition,hex_components,hex_holes,hex_euler_characteristic,boundary_edge_count,manifold_label,conway_embedding_signature,abstract_signature_frequency,abstract_signature_representatives
T_0087,E000000088,exact,3,1,1,"[[-3,0],[-2,-1],[-2,0],[-1,-1],[-1,0],[0,-1],[0,0],[1,0],[2,-1]]",[],"[[2,-2],[2,0]]","[[[-4,0]],[[3,0]],[[1,-1],[3,-1]]]",9,0,3,4,"(-2, 0)",rail,rail,three-axis,1a863e3342ece3ea301b42b29b58098c49202356,1,1,4,3,"{""1"":2,""2"":1}",2,1,3,2,0.0,"0,0,0,2","{""adversarial"":1}",1,0.0,0.693147,source-local,"(3, 1, 3, 4, 2, 1, 0, 1)",7420f368b495828a0c8d200674f4fa4a8e7d688b,1,15,3,"{""A"":9,""M"":2,""O"":4}",1,12,0.08333333333333333,15,2,21,6,"(7, 7, 2)",7,"((8, 6, 1), (3, 2, 2, 2, 2, 2, 1, 1), (3, 2, 2, 2, 2, 2, 1, 1))","(8, 8, 8, 8, 3, 3)",1,0,1,38,disk,"(2, 1, 0, 6, '(7, 7, 2)', (8, 8, 8, 8, 3, 3), ((8, 6, 1), (3, 2, 2, 2, 2, 2, 1, 1), (3, 2, 2, 2, 2, 2, 1, 1)))",9,9
T_0253,E000000256,proto,3,1,1,"[[-2,2],[-1,1],[-1,4],[0,0],[1,-1],[2,-2]]",[],"[[-1,2],[3,-3]]","[[[-3,3]],[[4,-4]],[[-1,3],[-1,5],[-1,6]]]",6,0,3,5,"(-5, 1)",kink,kink_bridge,three-axis,0a42b83b5e572a8e0f2617aea3bef11d8b8e6174,1,1,5,3,"{""1"":2,""3"":1}",2,0,3,3,0.0,"-1.11e-16,0,0,3,3","{""selfplay"":1}",1,0.0,0.693147,source-local,"(3, 1, 3, 5, 2, 0, 1, 1)",7d36e56e5ef675c537430ff38a90fdee981c2423,1,13,3,"{""A"":6,""M"":2,""O"":5}",1,12,0.08333333333333333,13,2,45,32,"(10, 7, 5)",10,"((8, 1, 1, 1, 1, 1), (6, 1, 1, 1, 1, 1, 1, 1), (2, 2, 1, 1, 1, 1, 1, 1, 1, 1, 1))","(12, 12, 8, 8, 6, 6)",1,0,1,52,disk,"(2, 1, 0, 32, '(10, 7, 5)', (12, 12, 8, 8, 6, 6), ((8, 1, 1, 1, 1, 1), (6, 1, 1, 1, 1, 1, 1, 1), (2, 2, 1, 1, 1, 1, 1, 1, 1, 1, 1)))",3,3
T_0120,E000000121,exact,3,1,0,"[[-1,2],[0,-1],[0,0],[0,1],[3,2]]",[],"[[-2,2],[0,2]]","[[[0,-3],[0,-2]],[[0,3],[0,4]],[[1,2],[2,2]]]",5,0,3,6,"(-2, 0)",rail,rail_ladder,three-axis,02771a31df24fdde0f2dd10fb27418e4914f703b,1,1,6,3,"{""2"":3}",0,3,3,8,0.0,"0,0,0,2,2,2","{""rail"":1}",1,0.0,0.693147,source-local,"(3, 1, 3, 6, 0, 3, 0, 1)",5b0ba209919d888532765c782e31490f609aeab1,1,13,3,"{""A"":5,""M"":2,""O"":6}",1,12,0.08333333333333333,13,2,42,29,"(8, 7, 5)",8,"((8, 1, 1, 1, 1, 1), (6, 1, 1, 1, 1, 1, 1, 1), (2, 2, 2, 2, 1, 1, 1, 1, 1))","(11, 11, 8, 8, 6, 6)",1,0,1,50,disk,"(2, 1, 0, 29, '(8, 7, 5)', (11, 11, 8, 8, 6, 6), ((8, 1, 1, 1, 1, 1), (6, 1, 1, 1, 1, 1, 1, 1), (2, 2, 2, 2, 1, 1, 1, 1, 1)))",4,4
T_0114,E000000115,exact,3,1,0,"[[0,-2],[0,-1],[0,0],[0,1],[1,1],[3,1]]","[[-1,1]]","[[2,-2],[2,1]]","[[[0,-4],[0,-3]],[[0,2],[0,3]],[[4,1],[5,1]]]",6,1,3,6,"(-3, 0)",rail,rail_ladder,three-axis,33519537a9611bc311cf62ffb4dfdb9ece02e5b3,1,1,6,3,"{""2"":3}",0,3,3,8,0.0,"0,0,0,2,2,2","{""rail"":1}",1,0.0,0.693147,source-local,"(3, 1, 3, 6, 0, 3, 0, 1)",d23a4ca2803c60199972ffbef4ab4732a6eeccc8,1,15,3,"{""A"":6,""D"":1,""M"":2,""O"":6}",1,12,0.08333333333333333,15,2,52,37,"(10, 7, 6)",10,"((8, 2, 1, 1, 1, 1, 1), (7, 2, 1, 1, 1, 1, 1, 1), (3, 2, 2, 1, 1, 1, 1, 1, 1, 1, 1))","(13, 13, 9, 9, 8, 8)",2,0,2,60,disconnected,"(2, 2, 0, 37, '(10, 7, 6)', (13, 13, 9, 9, 8, 8), ((8, 2, 1, 1, 1, 1, 1), (7, 2, 1, 1, 1, 1, 1, 1), (3, 2, 2, 1, 1, 1, 1, 1, 1, 1, 1)))",4,4
T_0270,E000000273,exact,3,1,0,"[[-2,2],[-1,1],[-1,4],[1,-1],[2,-2]]","[[-2,0]]","[[-1,2],[-1,3]]","[[[-1,-1],[-1,0]],[[-1,5],[-1,6]],[[0,0],[3,-3]]]",5,1,3,6,"(-1, 0)",adjacent,adjacent,three-axis,fb882e3302c3bb706228d72680eb81bfecef79cc,1,1,6,3,"{""2"":3}",0,3,3,8,0.0,"0,0,0,2,2,2","{""selfplay"":1}",1,0.0,0.693147,source-local,"(3, 1, 3, 6, 0, 3, 0, 1)",26f7116812d661f6847eb12fc2e786b789d1edaa,1,14,3,"{""A"":5,""D"":1,""M"":2,""O"":6}",1,12,0.08333333333333333,14,2,44,30,"(9, 7, 5)",9,"((8, 2, 1, 1, 1, 1), (6, 2, 1, 1, 1, 1, 1, 1), (3, 2, 2, 1, 1, 1, 1, 1, 1, 1))","(11, 11, 8, 8, 7, 7)",1,0,1,52,disk,"(2, 1, 0, 30, '(9, 7, 5)', (11, 11, 8, 8, 7, 7), ((8, 2, 1, 1, 1, 1), (6, 2, 1, 1, 1, 1, 1, 1), (3, 2, 2, 1, 1, 1, 1, 1, 1, 1)))",2,2
T_0250,E000000253,proto,3,1,0,"[[-3,-1],[2,-3],[2,-2],[2,-1]]",[],"[[-2,-1],[2,-4]]","[[[2,-6],[2,-5]],[[2,0],[2,1]],[[-1,-1],[0,-1],[1,-1]]]",4,0,3,7,"(-4, 1)",kink,kink_bridge,three-axis,1b7b73f7499caa353d0184e0189e1497688105e6,1,1,7,3,"{""2"":2,""3"":1}",0,2,3,12,0.0,"-1.11e-16,0,0,2,2,3,3","{""random"":1}",1,0.0,0.693147,source-local,"(3, 1, 3, 7, 0, 2, 1, 1)",39cdb62925cd3767342e3c9abc551e02b4b6245f,1,13,3,"{""A"":4,""M"":2,""O"":7}",1,12,0.08333333333333333,13,2,33,20,"(7, 7, 5)",7,"((8, 1, 1, 1, 1, 1), (6, 1, 1, 1, 1, 1, 1, 1), (2, 2, 2, 2, 2, 1, 1, 1))","(12, 12, 8, 8, 6, 6)",1,0,1,52,disk,"(2, 1, 0, 20, '(7, 7, 5)', (12, 12, 8, 8, 6, 6), ((8, 1, 1, 1, 1, 1), (6, 1, 1, 1, 1, 1, 1, 1), (2, 2, 2, 2, 2, 1, 1, 1)))",2,2
T_0171,E000000172,proto,3,1,0,"[[-2,0],[-1,0],[0,2],[0,5]]",[],"[[0,0],[2,0]]","[[[1,0],[3,0]],[[-5,0],[-4,0],[-3,0]],[[0,1],[0,3],[0,4]]]",4,0,3,8,"(-2, 0)",rail,rail_ladder,three-axis,2e35701effc176740417f0fe9d171a2c79cb1232,1,1,8,3,"{""2"":1,""3"":2}",0,1,3,18,0.0,"-1.11e-16,-1.11e-16,0,2,3,3,3,3","{""random"":1}",1,0.0,0.693147,source-local,"(3, 1, 3, 8, 0, 1, 2, 1)",056bb6df86c63e4c26f0a0a6ca91087fd5f37e48,1,14,3,"{""A"":4,""M"":2,""O"":8}",1,12,0.08333333333333333,14,2,48,34,"(10, 8, 5)",10,"((9, 1, 1, 1, 1, 1), (6, 1, 1, 1, 1, 1, 1, 1, 1), (2, 2, 2, 1, 1, 1, 1, 1, 1, 1, 1))","(13, 13, 9, 9, 6, 6)",1,0,1,56,disk,"(2, 1, 0, 34, '(10, 8, 5)', (13, 13, 9, 9, 6, 6), ((9, 1, 1, 1, 1, 1), (6, 1, 1, 1, 1, 1, 1, 1, 1), (2, 2, 2, 1, 1, 1, 1, 1, 1, 1, 1)))",3,3
T_0296,E000000299,proto,3,1,0,"[[-2,1],[-1,1],[1,-1],[2,-2]]",[],"[[-3,1],[-2,-1]]","[[[-6,1],[-5,1],[-4,1]],[[0,0],[3,-3],[4,-4]],[[0,1],[1,1],[2,1]]]",4,0,3,9,"(-2, 1)",bridge,bridge_fork,three-axis,001d77d375f84ac1113cd11c32812b4e80515549,1,1,9,3,"{""3"":3}",0,0,3,27,0.0,"-1.11e-16,-1.11e-16,1.11e-16,3,3,3,3,3","{""selfplay"":1}",1,0.0,0.693147,source-local,"(3, 1, 3, 9, 0, 0, 3, 1)",d5bed3f05f98aad2285d75db11a321bf38496518,1,15,3,"{""A"":4,""M"":2,""O"":9}",1,12,0.08333333333333333,15,2,48,33,"(10, 8, 5)",10,"((9, 2, 1, 1, 1, 1), (6, 2, 1, 1, 1, 1, 1, 1, 1), (2, 2, 2, 2, 1, 1, 1, 1, 1, 1, 1))","(14, 14, 10, 10, 7, 7)",2,0,2,62,disconnected,"(2, 2, 0, 33, '(10, 8, 5)', (14, 14, 10, 10, 7, 7), ((9, 2, 1, 1, 1, 1), (6, 2, 1, 1, 1, 1, 1, 1, 1), (2, 2, 2, 2, 1, 1, 1, 1, 1, 1, 1)))",47,47
T_0243,E000000246,proto,3,1,0,"[[0,1],[1,-1],[1,0]]",[],"[[-3,-1],[2,-1]]","[[[-3,4],[-2,3],[-1,2]],[[-2,-1],[-1,-1],[0,-1]],[[3,-2],[4,-3],[5,-4]]]",3,0,3,9,"(-5, 0)",rail,rail_ladder,three-axis,114b1ca8823fcb874fc55ff282654733de38fe76,1,1,9,3,"{""3"":3}",0,0,3,27,0.0,"-1.11e-16,-1.11e-16,1.665e-16,3,3,3,3,3","{""opening"":1}",1,0.0,0.693147,source-local,"(3, 1, 3, 9, 0, 0, 3, 1)",078b0651af8b3bfa10be72bf5c01ee8d508b2f45,1,14,3,"{""A"":3,""M"":2,""O"":9}",1,12,0.08333333333333333,14,2,39,25,"(8, 8, 5)",8,"((9, 1, 1, 1, 1, 1), (6, 1, 1, 1, 1, 1, 1, 1, 1), (2, 2, 2, 2, 2, 1, 1, 1, 1))","(13, 13, 9, 9, 6, 6)",1,0,1,56,disk,"(2, 1, 0, 25, '(8, 8, 5)', (13, 13, 9, 9, 6, 6), ((9, 1, 1, 1, 1, 1), (6, 1, 1, 1, 1, 1, 1, 1, 1), (2, 2, 2, 2, 2, 1, 1, 1, 1)))",28,27
T_0242,E000000245,proto,3,1,0,"[[0,-1],[0,1],[1,-1],[1,0]]","[[-1,-1]]","[[-3,0],[2,-1]]","[[[-3,4],[-2,3],[-1,2]],[[3,-2],[4,-3],[5,-4]],[[3,-1],[4,-1],[5,-1]]]",4,1,3,9,"(-5, 1)",kink,kink_bridge,three-axis,0fd6c1d150d872ba0228e7ac0eb43ba99af99acb,1,1,9,3,"{""3"":3}",0,0,3,27,0.0,"-1.11e-16,-1.11e-16,1.665e-16,3,3,3,3,3","{""opening"":1}",1,0.0,0.693147,source-local,"(3, 1, 3, 9, 0, 0, 3, 1)",9fa36e083b283e33cb06a70718ca85e63a1203bf,1,16,3,"{""A"":4,""D"":1,""M"":2,""O"":9}",1,12,0.08333333333333333,16,2,56,40,"(8, 8, 7)",8,"((9, 1, 1, 1, 1, 1, 1, 1), (7, 2, 1, 1, 1, 1, 1, 1, 1), (2, 2, 2, 2, 2, 2, 2, 1, 1))","(14, 14, 10, 10, 8, 8)",2,0,2,64,disconnected,"(2, 2, 0, 40, '(8, 8, 7)', (14, 14, 10, 10, 8, 8), ((9, 1, 1, 1, 1, 1, 1, 1), (7, 2, 1, 1, 1, 1, 1, 1, 1), (2, 2, 2, 2, 2, 2, 2, 1, 1)))",22,22
T_0266,E000000269,proto,3,1,0,"[[-2,2],[-2,3],[-2,4],[-1,1],[2,-2]]",[],"[[-1,2],[0,-1]]","[[[-2,-1],[-2,0],[-2,1]],[[-2,5],[-2,6],[-2,7]],[[0,0],[1,-1],[3,-3]]]",5,0,3,9,"(-3, 1)",kink,kink_bridge,three-axis,0238dac82560cb4fd18f814bdc12c519d9027a1f,1,1,9,3,"{""3"":3}",0,0,3,27,0.0,"-1.11e-16,-1.11e-16,-1.11e-16,3,3,3,3,3","{""selfplay"":1}",1,0.0,0.693147,source-local,"(3, 1, 3, 9, 0, 0, 3, 1)",6bc2f23382f01b68fc50f4694dd54b7260c7ce73,1,16,3,"{""A"":5,""M"":2,""O"":9}",1,12,0.08333333333333333,16,2,48,32,"(10, 8, 5)",10,"((9, 2, 2, 1, 1, 1), (6, 2, 2, 1, 1, 1, 1, 1, 1), (3, 2, 2, 2, 1, 1, 1, 1, 1, 1, 1))","(13, 13, 10, 10, 6, 6)",1,0,1,58,disk,"(2, 1, 0, 32, '(10, 8, 5)', (13, 13, 10, 10, 6, 6), ((9, 2, 2, 1, 1, 1), (6, 2, 2, 1, 1, 1, 1, 1, 1), (3, 2, 2, 2, 1, 1, 1, 1, 1, 1, 1)))",17,17
T_0228,E000000230,proto,3,1,0,"[[0,-1],[1,-1],[1,0]]","[[-1,-1]]","[[2,-1],[3,-2]]","[[[-2,3],[-1,2],[0,1]],[[3,-1],[4,-1],[5,-1]],[[4,-3],[5,-4],[6,-5]]]",3,1,3,9,"(-1, 0)",adjacent,adjacent,three-axis,10c069cf3c4e55a9c1b839089f2f5675a64ffa26,1,1,9,3,"{""3"":3}",0,0,3,27,0.0,"-1.11e-16,-1.11e-16,1.665e-16,3,3,3,3,3","{""opening"":1}",1,0.0,0.693147,source-local,"(3, 1, 3, 9, 0, 0, 3, 1)",c19c00494fc654aa0cdf7413a00232f1f292a687,1,15,3,"{""A"":3,""D"":1,""M"":2,""O"":9}",1,12,0.08333333333333333,15,2,51,36,"(8, 8, 6)",8,"((9, 1, 1, 1, 1, 1, 1), (7, 1, 1, 1, 1, 1, 1, 1, 1), (2, 2, 2, 2, 2, 2, 1, 1, 1))","(13, 13, 9, 9, 7, 7)",1,0,1,58,disk,"(2, 1, 0, 36, '(8, 8, 6)', (13, 13, 9, 9, 7, 7), ((9, 1, 1, 1, 1, 1, 1), (7, 1, 1, 1, 1, 1, 1, 1, 1), (2, 2, 2, 2, 2, 2, 1, 1, 1)))",16,16
T_0009,E000000005,proto,3,1,0,"[[-1,1],[-1,2],[0,-1],[0,0]]","[[0,3],[1,-1]]","[[-1,0],[0,-2]]","[[[-1,-3],[-1,-2],[-1,-1]],[[-1,3],[-1,4],[-1,5]],[[0,-3],[0,1],[0,2]]]",4,2,3,9,"(-2, 1)",bridge,bridge_fork,three-axis,4a1251f111dfe10ad1fbbac5d9f79ca9b61d07c9,1,1,9,3,"{""3"":3}",0,0,3,27,0.0,"-1.11e-16,-1.11e-16,-1.11e-16,3,3,3,3,3","{""opening"":1}",1,0.0,0.693147,source-local,"(3, 1, 3, 9, 0, 0, 3, 1)",53490d5d7165f8ff5b14f123fc8b350131604b95,1,17,3,"{""A"":4,""D"":2,""M"":2,""O"":9}",1,12,0.08333333333333333,17,2,24,7,"(8, 8, 2)",8,"((9, 7, 1), (3, 2, 2, 2, 2, 2, 2, 1, 1), (3, 2, 2, 2, 2, 2, 2, 1, 1))","(9, 9, 9, 9, 3, 3)",1,0,1,42,disk,"(2, 1, 0, 7, '(8, 8, 2)', (9, 9, 9, 9, 3, 3), ((9, 7, 1), (3, 2, 2, 2, 2, 2, 2, 1, 1), (3, 2, 2, 2, 2, 2, 2, 1, 1)))",2,2
T_0041,E000000042,exact,4,2,1,"[[-3,0],[-2,0],[-1,-1],[-1,0],[0,-1],[0,0],[1,0],[2,-1]]",[],"[[1,-1],[2,0]]","[[[-4,0]],[[3,0]],[[-3,-1],[-2,-1]],[[3,-1],[4,-1]]]",8,0,4,6,"(-2, 1)",bridge,bridge_fork,three-axis,07e1abf7ff16799f352cbf34c49967c89e72eb3a,1,1,6,4,"{""1"":2,""2"":2}",2,2,4,4,0.0,"0,0,0,0,2,2","{""adversarial"":1}",1,0.0,0.693147,source-local,"(4, 2, 4, 6, 2, 2, 0, 1)",1fac1747a7bc50949e5ba89fa9e7d7d082304783,1,16,4,"{""A"":8,""M"":2,""O"":6}",1,12,0.08333333333333333,16,2,16,0,"(8, 7, 1)",8,"((8, 8), (2, 2, 2, 2, 2, 2, 2, 2), (2, 2, 2, 2, 2, 2, 2, 1, 1))","(9, 9, 8, 8, 2, 2)",1,0,1,38,disk,"(2, 1, 0, 0, '(8, 7, 1)', (9, 9, 8, 8, 2, 2), ((8, 8), (2, 2, 2, 2, 2, 2, 2, 2), (2, 2, 2, 2, 2, 2, 2, 1, 1)))",4,4
T_0256,E000000259,proto,4,2,1,"[[-2,2],[-2,4],[-1,1],[-1,4],[0,0],[1,-1],[2,-2]]","[[-2,0]]","[[0,4],[3,-3]]","[[[-3,3]],[[4,-4]],[[-5,4],[-4,4],[-3,4]],[[1,4],[2,4],[3,4]]]",7,1,4,8,"(-7, 3)",kink,kink_bridge,three-axis,4d711ef8a113ede398526ad9729131ebc12de370,1,1,8,4,"{""1"":2,""3"":2}",2,0,4,9,0.0,"-1.11e-16,-1.11e-16,0,0,3,3,3,3","{""selfplay"":1}",1,0.0,0.693147,source-local,"(4, 2, 4, 8, 2, 0, 2, 1)",77706d97e72af007ff7c2d7feb52df7e140c0daf,1,18,4,"{""A"":7,""D"":1,""M"":2,""O"":8}",1,12,0.08333333333333333,18,2,61,43,"(9, 9, 8)",9,"((9, 2, 1, 1, 1, 1, 1, 1, 1), (9, 1, 1, 1, 1, 1, 1, 1, 1, 1), (3, 2, 2, 2, 2, 2, 2, 1, 1, 1))","(17, 17, 10, 10, 10, 10)",2,0,2,74,disconnected,"(2, 2, 0, 43, '(9, 9, 8)', (17, 17, 10, 10, 10, 10), ((9, 2, 1, 1, 1, 1, 1, 1, 1), (9, 1, 1, 1, 1, 1, 1, 1, 1, 1), (3, 2, 2, 2, 2, 2, 2, 1, 1, 1)))",2,2
T_0146,E000000147,proto,4,2,0,"[[0,0],[0,1],[1,1],[3,1],[3,2]]",[],"[[-2,1],[0,2]]","[[[-4,1],[-3,1],[-1,1]],[[0,-3],[0,-2],[0,-1]],[[0,3],[0,4],[0,5]],[[2,1],[4,1],[5,1]]]",5,0,4,12,"(-3, 1)",kink,kink_bridge,three-axis,11b3d64be8005c95807517de8eedbefe5a68fd95,1,1,12,4,"{""3"":4}",0,0,4,81,0.0,"-1.11e-16,-1.11e-16,-1.11e-16,-1.11e-16,3,3,3,3","{""rail"":1}",1,0.0,0.693147,source-local,"(4, 2, 4, 12, 0, 0, 4, 1)",18c82b603c83230a256ad8443fdf83721e6be7dc,1,19,4,"{""A"":5,""M"":2,""O"":12}",1,12,0.08333333333333333,19,2,70,51,"(9, 9, 8)",9,"((10, 2, 1, 1, 1, 1, 1, 1, 1), (9, 2, 1, 1, 1, 1, 1, 1, 1, 1), (3, 2, 2, 2, 2, 2, 2, 2, 1, 1))","(16, 16, 10, 10, 10, 10)",1,0,1,72,disk,"(2, 1, 0, 51, '(9, 9, 8)', (16, 16, 10, 10, 10, 10), ((10, 2, 1, 1, 1, 1, 1, 1, 1), (9, 2, 1, 1, 1, 1, 1, 1, 1, 1), (3, 2, 2, 2, 2, 2, 2, 2, 1, 1)))",16,16
T_0038,E000000039,proto,4,2,0,"[[-1,0],[0,0],[1,0]]",[],"[[1,-1],[2,-2]]","[[[-4,0],[-3,0],[-2,0]],[[-3,3],[-2,2],[-1,1]],[[2,0],[3,0],[4,0]],[[3,-3],[4,-4],[5,-5]]]",3,0,4,12,"(-1, 0)",adjacent,adjacent,three-axis,0b141bb1cde2b1cf857ae56c43a2f0b3f4da2e52,1,1,12,4,"{""3"":4}",0,0,4,81,0.0,"-1.11e-16,-1.11e-16,-1.11e-16,1.665e-16,3,3,3,3","{""selfplay"":1}",1,0.0,0.693147,source-local,"(4, 2, 4, 12, 0, 0, 4, 1)",1a890b08f0c646e2f311b3703d42b181b368309f,1,17,4,"{""A"":3,""M"":2,""O"":12}",1,12,0.08333333333333333,17,2,65,48,"(9, 8, 8)",9,"((9, 1, 1, 1, 1, 1, 1, 1, 1), (9, 1, 1, 1, 1, 1, 1, 1, 1), (2, 2, 2, 2, 2, 2, 2, 1, 1, 1))","(15, 15, 9, 9, 9, 9)",1,0,1,66,disk,"(2, 1, 0, 48, '(9, 8, 8)', (15, 15, 9, 9, 9, 9), ((9, 1, 1, 1, 1, 1, 1, 1, 1), (9, 1, 1, 1, 1, 1, 1, 1, 1), (2, 2, 2, 2, 2, 2, 2, 1, 1, 1)))",12,9
T_0142,E000000143,proto,4,2,0,"[[-1,2],[0,0],[0,1],[1,1],[3,1],[3,2]]",[],"[[-4,3],[0,2]]","[[[0,-3],[0,-2],[0,-1]],[[0,3],[0,4],[0,5]],[[1,2],[2,2],[4,2]],[[2,1],[4,1],[5,1]]]",6,0,4,12,"(-4, 1)",kink,kink_bridge,three-axis,5342b3da597dda73987621b8d5d0a20099fe2dd3,1,1,12,4,"{""3"":4}",0,0,4,81,0.0,"-1.11e-16,-1.11e-16,-1.11e-16,1.665e-16,3,3,3,3","{""rail"":1}",1,0.0,0.693147,source-local,"(4, 2, 4, 12, 0, 0, 4, 1)",e1b95c2983604d86fe1826dd7045eece27b4f20d,1,20,4,"{""A"":6,""M"":2,""O"":12}",1,12,0.08333333333333333,20,2,70,50,"(9, 9, 8)",9,"((9, 2, 2, 2, 2, 1, 1, 1), (6, 6, 2, 1, 1, 1, 1, 1, 1), (3, 3, 3, 2, 2, 2, 2, 1, 1, 1))","(13, 13, 10, 10, 8, 8)",2,0,2,62,disconnected,"(2, 2, 0, 50, '(9, 9, 8)', (13, 13, 10, 10, 8, 8), ((9, 2, 2, 2, 2, 1, 1, 1), (6, 6, 2, 1, 1, 1, 1, 1, 1), (3, 3, 3, 2, 2, 2, 2, 1, 1, 1)))",6,6
T_0225,E000000226,proto,4,2,0,"[[0,-1],[0,1],[1,-1],[1,0]]","[[-1,-1]]","[[1,-3],[2,-1]]","[[[-3,4],[-2,3],[-1,2]],[[1,-2],[1,1],[1,2]],[[3,-2],[4,-3],[5,-4]],[[3,-1],[4,-1],[5,-1]]]",4,1,4,12,"(-3, 1)",kink,kink_bridge,three-axis,7b680d718615608d01290e9b3859b9cb705cd39e,1,1,12,4,"{""3"":4}",0,0,4,81,0.0,"-1.11e-16,-1.11e-16,-1.11e-16,1.665e-16,3,3,3,3","{""opening"":1}",1,0.0,0.693147,source-local,"(4, 2, 4, 12, 0, 0, 4, 1)",16ad0a1eb82dc7e2cccb4943d833455fd7cca856,1,19,4,"{""A"":4,""D"":1,""M"":2,""O"":12}",1,12,0.08333333333333333,19,2,51,32,"(8, 8, 6)",8,"((9, 2, 2, 2, 2, 1, 1), (7, 2, 2, 2, 2, 1, 1, 1, 1), (6, 2, 2, 2, 2, 2, 1, 1, 1))","(13, 13, 12, 12, 10, 10)",1,0,1,70,disk,"(2, 1, 0, 32, '(8, 8, 6)', (13, 13, 12, 12, 10, 10), ((9, 2, 2, 2, 2, 1, 1), (7, 2, 2, 2, 2, 1, 1, 1, 1), (6, 2, 2, 2, 2, 2, 1, 1, 1)))",3,3
T_0015,E000000011,proto,4,2,0,"[[-1,1],[-1,2],[0,0]]","[[1,-1]]","[[-1,0],[1,0]]","[[[-4,0],[-3,0],[-2,0]],[[-1,-3],[-1,-2],[-1,-1]],[[-1,3],[-1,4],[-1,5]],[[2,0],[3,0],[4,0]]]",3,1,4,12,"(-2, 0)",rail,rail_ladder,three-axis,1789734f7563836a3f84667dcb0af3fbacf09305,1,1,12,4,"{""3"":4}",0,0,4,81,0.0,"-1.11e-16,-1.11e-16,-1.11e-16,-1.11e-16,3,3,3,3","{""opening"":1}",1,0.0,0.693147,source-local,"(4, 2, 4, 12, 0, 0, 4, 1)",7b289bc5b554757f8da6f8cac7003e60e9df1e60,1,18,4,"{""A"":3,""D"":1,""M"":2,""O"":12}",1,12,0.08333333333333333,18,2,60,42,"(8, 8, 8)",8,"((9, 2, 1, 1, 1, 1, 1, 1, 1), (9, 2, 1, 1, 1, 1, 1, 1, 1), (3, 2, 2, 2, 2, 2, 2, 2, 1))","(15, 15, 10, 10, 9, 9)",1,0,1,68,disk,"(2, 1, 0, 42, '(8, 8, 8)', (15, 15, 10, 10, 9, 9), ((9, 2, 1, 1, 1, 1, 1, 1, 1), (9, 2, 1, 1, 1, 1, 1, 1, 1), (3, 2, 2, 2, 2, 2, 2, 2, 1)))",3,3
T_0132,E000000133,proto,4,2,0,"[[-1,2],[0,-1],[0,0],[0,1]]",[],"[[-2,3],[2,1]]","[[[-5,6],[-4,5],[-3,4]],[[0,-4],[0,-3],[0,-2]],[[0,2],[0,3],[0,4]],[[1,0],[2,-1],[3,-2]]]",4,0,4,12,"(-4, 2)",kink,kink_bridge,three-axis,0cf63acbad0bf407be17a83b89c3d886775b3796,1,1,12,4,"{""3"":4}",0,0,4,81,0.0,"-1.11e-16,-1.11e-16,-1.11e-16,-1.11e-16,3,3,3,3","{""rail"":1}",1,0.0,0.693147,source-local,"(4, 2, 4, 12, 0, 0, 4, 1)",d92b4dd7aa0fdd82ffd77cea1ec26e3211c02cb1,1,18,4,"{""A"":4,""M"":2,""O"":12}",1,12,0.08333333333333333,18,2,69,51,"(10, 8, 8)",10,"((9, 2, 1, 1, 1, 1, 1, 1, 1), (9, 2, 1, 1, 1, 1, 1, 1, 1), (2, 2, 2, 2, 2, 2, 2, 1, 1, 1, 1))","(16, 16, 10, 10, 10, 10)",2,0,2,72,disconnected,"(2, 2, 0, 51, '(10, 8, 8)', (16, 16, 10, 10, 10, 10), ((9, 2, 1, 1, 1, 1, 1, 1, 1), (9, 2, 1, 1, 1, 1, 1, 1, 1), (2, 2, 2, 2, 2, 2, 2, 1, 1, 1, 1)))",3,3
T_0055,E000000056,exact,5,3,1,"[[-3,0],[-2,-1],[-2,0],[-1,-1],[-1,0],[0,-2],[0,-1],[0,0],[1,0],[2,-1]]",[],"[[0,-3],[2,0]]","[[[-4,0]],[[3,0]],[[0,-5],[0,-4]],[[0,1],[0,2]],[[1,-1],[3,-1]]]",10,0,5,8,"(-5, 2)",kink,kink_bridge,three-axis,19b7afa31ce866d103bd9dd908cb24e6bb1f6775,1,1,8,5,"{""1"":2,""2"":3}",2,3,5,8,0.0,"0,0,0,0,0,2,2,2","{""adversarial"":1}",1,0.0,0.693147,source-local,"(5, 3, 5, 8, 2, 3, 0, 1)",a3ef2d89f19d0a061b5c6a9aa81e2de1700ab6f7,1,20,5,"{""A"":10,""M"":2,""O"":8}",1,12,0.08333333333333333,20,2,51,31,"(8, 7, 7)",8,"((8, 6, 1, 1, 1, 1, 1, 1), (8, 2, 2, 2, 2, 2, 1, 1), (3, 3, 3, 3, 2, 2, 2, 1, 1))","(12, 12, 8, 8, 8, 8)",1,0,1,56,disk,"(2, 1, 0, 31, '(8, 7, 7)', (12, 12, 8, 8, 8, 8), ((8, 6, 1, 1, 1, 1, 1, 1), (8, 2, 2, 2, 2, 2, 1, 1), (3, 3, 3, 3, 2, 2, 2, 1, 1)))",4,4
T_0069,E000000070,exact,5,3,1,"[[-4,0],[-3,0],[-2,-2],[-2,-1],[-2,0],[-1,-1],[-1,0],[0,-1],[0,0],[1,0]]","[[-2,-3]]","[[-3,-1],[-2,1]]","[[[-5,0]],[[2,0]],[[-5,-1],[-4,-1]],[[-2,2],[-2,3]],[[1,-1],[2,-1]]]",10,1,5,8,"(-3, 1)",kink,kink_bridge,three-axis,2b7693258fe3fb367c7ee5cebfb67e43085ae137,1,1,8,5,"{""1"":2,""2"":3}",2,3,5,8,0.0,"0,0,0,0,0,2,2,2","{""adversarial"":1}",1,0.0,0.693147,source-local,"(5, 3, 5, 8, 2, 3, 0, 1)",6450e139d639e79d3959acdad701d969eb00b5d9,1,21,5,"{""A"":10,""D"":1,""M"":2,""O"":8}",1,12,0.08333333333333333,21,2,47,26,"(8, 7, 6)",8,"((8, 8, 1, 1, 1, 1, 1), (7, 2, 2, 2, 2, 2, 2, 2), (3, 3, 3, 3, 3, 2, 2, 1, 1))","(12, 12, 8, 8, 7, 7)",1,0,1,54,disk,"(2, 1, 0, 26, '(8, 7, 6)', (12, 12, 8, 8, 7, 7), ((8, 8, 1, 1, 1, 1, 1), (7, 2, 2, 2, 2, 2, 2, 2), (3, 3, 3, 3, 3, 2, 2, 1, 1)))",2,2
T_0274,E000000277,proto,5,3,0,"[[-2,2],[-2,3],[-2,4],[-1,1],[-1,4]]",[],"[[-1,2],[0,4]]","[[[-5,4],[-4,4],[-3,4]],[[-2,-1],[-2,0],[-2,1]],[[-2,5],[-2,6],[-2,7]],[[-1,3],[-1,5],[-1,6]],[[1,4],[2,4],[3,4]]]",5,0,5,15,"(-3, 1)",kink,kink_bridge,three-axis,1b02b9f18d945aecd14cf1dda1093af235c232fd,1,1,15,5,"{""3"":5}",0,0,5,243,0.0,"-1.11e-16,-1.11e-16,-1.11e-16,-1.11e-16,-1.11e-16,3,3,3","{""selfplay"":1}",1,0.0,0.693147,source-local,"(5, 3, 5, 15, 0, 0, 5, 1)",5da79c7c03d45b8262686a35b870441c8bdf630e,1,22,5,"{""A"":5,""M"":2,""O"":15}",1,12,0.08333333333333333,22,2,69,47,"(10, 8, 8)",10,"((9, 6, 1, 1, 1, 1, 1, 1, 1), (9, 2, 2, 2, 2, 2, 1, 1, 1), (3, 3, 3, 3, 2, 2, 2, 1, 1, 1, 1))","(14, 14, 9, 9, 9, 9)",1,0,1,64,disk,"(2, 1, 0, 47, '(10, 8, 8)', (14, 14, 9, 9, 9, 9), ((9, 6, 1, 1, 1, 1, 1, 1, 1), (9, 2, 2, 2, 2, 2, 1, 1, 1), (3, 3, 3, 3, 2, 2, 2, 1, 1, 1, 1)))",8,8
T_0137,E000000138,proto,5,3,0,"[[-1,2],[0,-1],[0,1],[0,5],[1,-2],[1,1],[3,1],[3,2]]",[],"[[0,2],[3,-4]]","[[[0,-3],[0,-2],[0,0]],[[0,3],[0,4],[0,6]],[[1,2],[2,2],[4,2]],[[2,-3],[4,-5],[5,-6]],[[2,1],[4,1],[5,1]]]",8,0,5,15,"(-6, 3)",kink,kink_bridge,three-axis,2c87bf070b90738c46e346dc75055d6d45800fe3,1,1,15,5,"{""3"":5}",0,0,5,243,0.0,"-1.11e-16,-1.11e-16,-1.11e-16,-1.11e-16,4.441e-16,3,3,3","{""rail"":1}",1,0.0,0.693147,source-local,"(5, 3, 5, 15, 0, 0, 5, 1)",e24dc6acf4243bc2393a2837594f7675c8392d42,1,25,5,"{""A"":8,""M"":2,""O"":15}",1,12,0.08333333333333333,25,2,66,41,"(12, 9, 6)",12,"((10, 3, 3, 3, 3, 2, 1), (6, 6, 2, 2, 1, 1, 1, 1, 1, 1, 1, 1, 1), (6, 3, 3, 3, 3, 2, 2, 1, 1, 1))","(14, 14, 13, 13, 12, 12)",1,0,1,78,disk,"(2, 1, 0, 41, '(12, 9, 6)', (14, 14, 13, 13, 12, 12), ((10, 3, 3, 3, 3, 2, 1), (6, 6, 2, 2, 1, 1, 1, 1, 1, 1, 1, 1, 1), (6, 3, 3, 3, 3, 2, 2, 1, 1, 1)))",6,6
T_0265,E000000268,proto,5,3,0,"[[-2,1],[-2,4],[-1,1],[-1,4],[1,-1],[2,-2]]",[],"[[-3,1],[0,4]]","[[[-6,1],[-5,1],[-4,1]],[[-5,4],[-4,4],[-3,4]],[[0,0],[3,-3],[4,-4]],[[0,1],[1,1],[2,1]],[[1,4],[2,4],[3,4]]]",6,0,5,15,"(-6, 3)",kink,kink_bridge,three-axis,0976f0ed5e6a75bfc07e6a04ae9bbc8e3d84287f,1,1,15,5,"{""3"":5}",0,0,5,243,0.0,"-1.11e-16,-1.11e-16,-1.11e-16,-2.249e-17,4.666e-16,3,3,3","{""selfplay"":1}",1,0.0,0.693147,source-local,"(5, 3, 5, 15, 0, 0, 5, 1)",e57d494f95b7928bfe26adceb0e2080f7352f5f2,1,23,5,"{""A"":6,""M"":2,""O"":15}",1,12,0.08333333333333333,23,2,83,60,"(12, 10, 8)",12,"((9, 9, 1, 1, 1, 1, 1), (7, 2, 2, 2, 2, 1, 1, 1, 1, 1, 1, 1, 1), (3, 3, 3, 2, 2, 2, 2, 2, 2, 1, 1))","(22, 22, 18, 18, 7, 7)",2,0,2,94,disconnected,"(2, 2, 0, 60, '(12, 10, 8)', (22, 22, 18, 18, 7, 7), ((9, 9, 1, 1, 1, 1, 1), (7, 2, 2, 2, 2, 1, 1, 1, 1, 1, 1, 1, 1), (3, 3, 3, 2, 2, 2, 2, 2, 2, 1, 1)))",6,6
T_0110,E000000111,proto,5,3,0,"[[0,-1],[0,1],[0,5],[1,-2],[1,1],[3,1],[3,2]]",[],"[[0,2],[2,-3]]","[[[-3,2],[-2,1],[-1,0]],[[0,-3],[0,-2],[0,0]],[[0,3],[0,4],[0,6]],[[2,1],[4,1],[5,1]],[[3,-4],[4,-5],[5,-6]]]",7,0,5,15,"(-5, 2)",kink,kink_bridge,three-axis,2b01d2ef02440c31e57042bac7def8e47b189adb,1,1,15,5,"{""3"":5}",0,0,5,243,0.0,"-1.11e-16,-1.11e-16,-1.11e-16,-1.11e-16,1.11e-16,3,3,3","{""rail"":1}",1,0.0,0.693147,source-local,"(5, 3, 5, 15, 0, 0, 5, 1)",912267107b3733bc08d2e8e218c50284f4671a92,1,24,5,"{""A"":7,""M"":2,""O"":15}",1,12,0.08333333333333333,24,2,81,57,"(12, 9, 8)",12,"((10, 3, 2, 2, 2, 2, 1, 1, 1), (9, 3, 2, 2, 2, 2, 1, 1, 1, 1), (7, 3, 2, 2, 2, 1, 1, 1, 1, 1, 1, 1, 1))","(17, 17, 14, 14, 14, 14)",1,0,1,90,disk,"(2, 1, 0, 57, '(12, 9, 8)', (17, 17, 14, 14, 14, 14), ((10, 3, 2, 2, 2, 2, 1, 1, 1), (9, 3, 2, 2, 2, 2, 1, 1, 1, 1), (7, 3, 2, 2, 2, 1, 1, 1, 1, 1, 1, 1, 1)))",2,2
T_0214,E000000215,proto,5,3,0,"[[0,-1],[0,1],[1,-1],[1,0]]","[[-1,-1]]","[[1,-2],[2,-1]]","[[[-3,4],[-2,3],[-1,2]],[[1,-5],[1,-4],[1,-3]],[[1,1],[1,2],[1,3]],[[3,-2],[4,-3],[5,-4]],[[3,-1],[4,-1],[5,-1]]]",4,1,5,15,"(-2, 1)",bridge,bridge_fork,three-axis,372cd481c6fb6fc85b75fa6246ef6f9f393d1ed0,1,1,15,5,"{""3"":5}",0,0,5,243,0.0,"-1.11e-16,-1.11e-16,-1.11e-16,-1.11e-16,1.665e-16,3,3,3","{""opening"":1}",1,0.0,0.693147,source-local,"(5, 3, 5, 15, 0, 0, 5, 1)",f9c9c13ecb7c7c64bc77888f63da7bacbe323877,1,22,5,"{""A"":4,""D"":1,""M"":2,""O"":15}",1,12,0.08333333333333333,22,2,65,43,"(9, 8, 8)",9,"((9, 2, 2, 2, 2, 2, 1, 1, 1), (9, 2, 2, 2, 2, 2, 1, 1, 1), (7, 2, 2, 2, 2, 2, 2, 1, 1, 1))","(15, 15, 13, 13, 13, 13)",1,0,1,82,disk,"(2, 1, 0, 43, '(9, 8, 8)', (15, 15, 13, 13, 13, 13), ((9, 2, 2, 2, 2, 2, 1, 1, 1), (9, 2, 2, 2, 2, 2, 1, 1, 1), (7, 2, 2, 2, 2, 2, 2, 1, 1, 1)))",2,2
